layer,step,x,lane_positions_first8,remaining_lengths_first8,token_expert_tuples_first8
0,0,13,"[1252, 6511, 1479, 3659, 216, 6898, 1790, 6544]","[11, 64, 1, 46, 14, 40, 61, 43]","[[23, 1, 28, 21], [4, 5, 3, 9], [13, 21, 17, 29], [4, 5, 3, 9], [16, 2, 11, 24], [25, 13, 6, 8], [9, 3, 11, 16], [13, 21, 17, 29]]"
0,1,14,"[1253, 6512, 644, 3660, 217, 6899, 1791, 6545]","[10, 63, 33, 45, 13, 39, 60, 42]","[[13, 8, 27, 11], [30, 27, 9, 3], [16, 7, 13, 2], [30, 27, 9, 3], [31, 21, 22, 6], [16, 19, 4, 9], [15, 9, 11, 6], [25, 4, 9, 11]]"
1,0,15,"[514, 5020, 800, 5340, 4426, 2269, 3917, 7780]","[51, 3, 62, 46, 39, 61, 37, 31]","[[10, 0, 31, 5], [20, 12, 7, 25], [24, 3, 18, 19], [30, 20, 16, 27], [18, 13, 26, 22], [12, 27, 21, 3], [10, 16, 26, 12], [12, 27, 26, 20]]"
1,1,13,"[515, 5021, 801, 5341, 4427, 2270, 3918, 7781]","[50, 2, 61, 45, 38, 60, 36, 30]","[[13, 26, 24, 31], [1, 17, 28, 7], [29, 22, 24, 27], [29, 22, 27, 24], [12, 27, 15, 2], [6, 1, 21, 0], [20, 16, 30, 3], [18, 29, 12, 9]]"
2,0,22,"[6437, 3386, 578, 225, 7299, 5211, 3436, 1979]","[54, 1, 21, 52, 9, 25, 25, 4]","[[0, 21, 6, 18], [21, 0, 14, 26], [29, 8, 21, 4], [21, 3, 0, 4], [5, 10, 26, 22], [29, 8, 17, 21], [8, 29, 0, 6], [0, 21, 24, 3]]"
2,1,20,"[6438, 7272, 579, 226, 7300, 5212, 3437, 1980]","[53, 1, 20, 51, 8, 24, 24, 3]","[[21, 0, 3, 4], [3, 24, 5, 31], [29, 8, 17, 6], [21, 0, 5, 3], [27, 5, 0, 6], [21, 5, 4, 6], [6, 0, 8, 21], [21, 0, 4, 11]]"
3,0,20,"[6515, 984, 2102, 5175, 184, 3583, 6371, 6998]","[15, 16, 33, 59, 19, 1, 14, 22]","[[7, 0, 12, 3], [23, 31, 25, 20], [21, 31, 20, 25], [11, 7, 0, 18], [19, 7, 11, 0], [22, 2, 12, 0], [31, 23, 20, 4], [19, 7, 0, 11]]"
3,1,22,"[6516, 985, 2103, 5176, 185, 2953, 6372, 6999]","[14, 15, 32, 58, 18, 17, 13, 21]","[[0, 2, 7, 22], [31, 23, 25, 13], [7, 11, 19, 10], [22, 7, 0, 19], [19, 7, 28, 0], [7, 11, 12, 0], [20, 31, 23, 11], [19, 3, 7, 0]]"
4,0,24,"[2399, 1721, 1794, 1587, 2018, 7089, 5340, 1375]","[38, 28, 6, 40, 41, 55, 45, 56]","[[12, 30, 6, 17], [6, 10, 20, 15], [17, 14, 24, 31], [15, 6, 30, 13], [6, 20, 15, 18], [18, 4, 6, 20], [15, 30, 6, 20], [24, 17, 14, 13]]"
4,1,20,"[2400, 1722, 1795, 1588, 2019, 7090, 5341, 1376]","[37, 27, 5, 39, 40, 54, 44, 55]","[[17, 12, 14, 30], [6, 12, 20, 18], [13, 14, 24, 17], [6, 15, 20, 14], [15, 6, 0, 18], [18, 12, 6, 15], [6, 21, 15, 23], [24, 17, 14, 21]]"
5,0,19,"[3062, 668, 633, 7530, 1346, 1177, 2999, 7033]","[11, 15, 59, 32, 53, 48, 38, 43]","[[31, 6, 15, 12], [31, 15, 6, 12], [6, 31, 5, 24], [0, 14, 4, 10], [14, 0, 4, 24], [14, 0, 8, 4], [20, 6, 24, 10], [18, 6, 24, 10]]"
5,1,21,"[3063, 669, 634, 7531, 1347, 1178, 3000, 7034]","[10, 14, 58, 31, 52, 47, 37, 42]","[[31, 30, 6, 15], [31, 6, 15, 12], [17, 30, 10, 6], [0, 4, 17, 28], [31, 15, 6, 24], [24, 0, 14, 26], [30, 6, 17, 24], [4, 0, 17, 24]]"
6,0,12,"[6109, 2885, 930, 7896, 6521, 1295, 1597, 5999]","[48, 41, 21, 34, 50, 7, 40, 28]","[[9, 2, 10, 5], [9, 2, 10, 5], [5, 10, 2, 9], [7, 30, 5, 20], [11, 30, 3, 20], [4, 3, 20, 12], [3, 20, 4, 28], [20, 16, 31, 28]]"
6,1,16,"[6110, 2886, 931, 7897, 6522, 1296, 1598, 6000]","[47, 40, 20, 33, 49, 6, 39, 27]","[[9, 5, 10, 16], [9, 10, 5, 16], [14, 9, 3, 24], [7, 3, 11, 30], [31, 4, 16, 20], [10, 31, 16, 4], [10, 23, 16, 5], [14, 3, 23, 4]]"
7,0,17,"[7208, 2720, 2251, 5761, 2733, 2951, 6305, 102]","[29, 62, 46, 33, 54, 4, 40, 63]","[[17, 15, 28, 21], [24, 13, 14, 19], [24, 13, 14, 19], [17, 15, 28, 24], [14, 21, 17, 28], [13, 14, 3, 17], [10, 29, 15, 5], [17, 14, 28, 13]]"
7,1,19,"[7209, 2721, 2252, 5762, 2734, 2952, 6306, 103]","[28, 61, 45, 32, 53, 3, 39, 62]","[[16, 15, 28, 17], [14, 13, 1, 24], [14, 13, 24, 1], [15, 29, 23, 5], [13, 14, 3, 20], [4, 30, 20, 3], [29, 10, 15, 20], [10, 15, 29, 30]]"
8,0,16,"[943, 1423, 2005, 1047, 4731, 2463, 4906, 3918]","[11, 45, 3, 64, 61, 30, 32, 51]","[[9, 30, 3, 20], [7, 28, 23, 10], [24, 19, 3, 0], [24, 0, 19, 17], [0, 24, 19, 13], [19, 28, 3, 0], [7, 28, 0, 6], [7, 28, 6, 0]]"
8,1,13,"[944, 1424, 2006, 1048, 4732, 2464, 4907, 3919]","[10, 44, 2, 63, 60, 29, 31, 50]","[[30, 31, 9, 20], [10, 31, 17, 23], [31, 6, 10, 3], [24, 19, 3, 0], [24, 19, 3, 0], [28, 3, 19, 10], [7, 6, 3, 30], [7, 6, 2, 30]]"
9,0,21,"[7802, 3765, 229, 1961, 1851, 6752, 4440, 6191]","[48, 25, 1, 58, 27, 53, 49, 64]","[[14, 8, 19, 21], [8, 5, 22, 19], [26, 30, 16, 1], [8, 19, 5, 23], [13, 5, 26, 30], [8, 5, 22, 19], [8, 23, 30, 19], [4, 14, 26, 21]]"
9,1,25,"[7803, 3766, 953, 1962, 1852, 6753, 4441, 6192]","[47, 24, 30, 57, 26, 52, 48, 63]","[[8, 19, 5, 14], [8, 22, 5, 13], [26, 16, 0, 13], [19, 5, 26, 8], [14, 21, 8, 19], [14, 8, 19, 21], [8, 19, 5, 23], [26, 16, 30, 23]]"
10,0,30,"[2279, 2887, 326, 1574, 2010, 2071, 7416, 1992]","[7, 46, 41, 47, 4, 15, 22, 64]","[[10, 23, 5, 7], [10, 5, 23, 7], [26, 10, 23, 8], [10, 5, 23, 26], [10, 23, 7, 5], [23, 10, 5, 26], [10, 23, 6, 18], [10, 23, 6, 24]]"
10,1,27,"[2280, 2888, 327, 1575, 2011, 2072, 7417, 1993]","[6, 45, 40, 46, 3, 14, 21, 63]","[[10, 23, 5, 26], [23, 10, 5, 6], [26, 23, 10, 5], [8, 5, 21, 24], [10, 23, 19, 26], [10, 23, 5, 6], [10, 23, 5, 6], [24, 19, 21, 5]]"
11,0,29,"[3193, 6091, 4787, 4942, 6329, 975, 2412, 3571]","[24, 24, 51, 41, 5, 50, 6, 21]","[[9, 30, 27, 21], [30, 21, 13, 27], [9, 30, 20, 27], [21, 13, 7, 30], [30, 15, 27, 20], [9, 30, 18, 25], [30, 9, 24, 11], [30, 15, 20, 18]]"
11,1,30,"[3194, 6092, 4788, 4943, 6330, 976, 2413, 3572]","[23, 23, 50, 40, 4, 49, 5, 20]","[[24, 5, 4, 30], [9, 30, 21, 27], [30, 9, 27, 18], [9, 30, 27, 24], [30, 9, 21, 24], [7, 21, 14, 15], [9, 30, 20, 11], [30, 9, 15, 24]]"
12,0,23,"[5817, 4525, 2547, 677, 1533, 3598, 5517, 705]","[4, 50, 12, 17, 2, 5, 17, 55]","[[1, 3, 24, 23], [28, 17, 3, 21], [12, 23, 28, 24], [23, 12, 25, 3], [25, 17, 21, 3], [28, 1, 23, 8], [21, 3, 17, 24], [23, 28, 12, 3]]"
12,1,25,"[5818, 4526, 2548, 678, 1534, 3599, 5518, 706]","[3, 49, 11, 16, 1, 4, 16, 54]","[[1, 23, 3, 24], [1, 23, 21, 3], [23, 28, 1, 12], [1, 24, 23, 12], [1, 23, 12, 3], [28, 23, 1, 12], [1, 23, 21, 8], [23, 12, 3, 18]]"
13,0,21,"[833, 5687, 3347, 1808, 502, 3419, 7670, 3397]","[19, 2, 53, 61, 16, 7, 15, 47]","[[21, 15, 1, 16], [24, 5, 16, 21], [15, 21, 20, 16], [21, 5, 8, 16], [21, 15, 16, 5], [24, 5, 16, 0], [21, 15, 16, 5], [19, 15, 1, 11]]"
13,1,24,"[834, 5688, 3348, 1809, 503, 3420, 7671, 3398]","[18, 1, 52, 60, 15, 6, 14, 46]","[[15, 21, 24, 20], [15, 19, 1, 21], [21, 9, 19, 15], [24, 5, 21, 16], [15, 24, 21, 16], [24, 5, 16, 1], [24, 21, 1, 5], [15, 19, 21, 1]]"
14,0,14,"[2168, 2194, 607, 5576, 6753, 6207, 1853, 1693]","[22, 31, 3, 35, 57, 44, 31, 24]","[[9, 21, 24, 31], [16, 22, 21, 18], [16, 29, 1, 6], [16, 29, 6, 1], [9, 24, 18, 21], [4, 3, 1, 28], [31, 9, 24, 21], [29, 6, 1, 4]]"
14,1,14,"[2169, 2195, 608, 5577, 6754, 6208, 1854, 1694]","[21, 30, 2, 34, 56, 43, 30, 23]","[[17, 31, 9, 18], [29, 1, 4, 6], [22, 16, 28, 21], [16, 6, 0, 29], [9, 17, 18, 24], [27, 21, 31, 24], [21, 31, 24, 9], [6, 0, 9, 16]]"
15,0,11,"[4007, 6468, 7883, 3809, 7397, 1266, 4228, 2933]","[43, 49, 28, 2, 7, 53, 50, 3]","[[6, 8, 22, 13], [9, 0, 26, 2], [28, 18, 26, 1], [18, 27, 1, 22], [3, 13, 31, 22], [19, 13, 29, 3], [9, 26, 28, 18], [4, 28, 9, 22]]"
15,1,19,"[4008, 6469, 7884, 3810, 7398, 1267, 4229, 2934]","[42, 48, 27, 1, 6, 52, 49, 2]","[[28, 26, 9, 18], [31, 19, 3, 2], [28, 26, 9, 18], [18, 22, 9, 28], [13, 19, 29, 3], [29, 18, 19, 27], [31, 3, 2, 13], [3, 4, 22, 13]]"
16,0,22,"[7893, 6971, 6443, 2560, 71, 894, 7247, 905]","[30, 58, 35, 36, 6, 31, 3, 56]","[[15, 17, 13, 10], [15, 30, 5, 31], [5, 20, 10, 17], [5, 20, 10, 17], [5, 10, 17, 20], [15, 30, 31, 24], [5, 15, 20, 12], [5, 17, 7, 27]]"
16,1,16,"[7894, 6972, 6444, 2561, 72, 895, 7248, 906]","[29, 57, 34, 35, 5, 30, 2, 55]","[[21, 0, 10, 1], [30, 2, 24, 31], [17, 12, 5, 10], [17, 12, 5, 10], [22, 7, 20, 24], [2, 11, 31, 27], [5, 20, 10, 15], [21, 0, 7, 11]]"
17,0,23,"[4982, 2650, 1791, 2275, 5484, 6812, 4661, 3961]","[60, 40, 8, 37, 19, 43, 43, 9]","[[7, 25, 28, 17], [8, 28, 4, 13], [30, 7, 5, 11], [28, 7, 13, 11], [7, 25, 28, 11], [30, 5, 3, 16], [7, 5, 25, 17], [28, 8, 11, 13]]"
17,1,22,"[4983, 2651, 1792, 2276, 5485, 6813, 4662, 3962]","[59, 39, 7, 36, 18, 42, 42, 8]","[[8, 28, 4, 11], [28, 8, 13, 19], [30, 14, 5, 7], [28, 8, 13, 11], [28, 25, 7, 20], [30, 5, 24, 3], [7, 25, 17, 28], [28, 11, 13, 8]]"
18,0,16,"[3729, 6330, 4313, 86, 2060, 4690, 2704, 5613]","[59, 36, 7, 47, 64, 12, 17, 33]","[[0, 23, 2, 5], [12, 6, 2, 9], [12, 20, 23, 2], [23, 9, 5, 0], [26, 11, 2, 9], [9, 15, 23, 18], [20, 27, 14, 31], [16, 15, 18, 23]]"
18,1,17,"[3730, 6331, 4314, 87, 2061, 4691, 2705, 5614]","[58, 35, 6, 46, 63, 11, 16, 32]","[[2, 12, 19, 9], [27, 20, 14, 19], [19, 6, 9, 2], [19, 6, 9, 2], [27, 20, 19, 14], [18, 15, 9, 1], [9, 6, 19, 31], [12, 23, 16, 5]]"
19,0,24,"[6110, 6017, 4662, 907, 4642, 5666, 2021, 600]","[32, 5, 35, 57, 51, 59, 47, 19]","[[29, 19, 20, 15], [29, 19, 12, 7], [31, 16, 13, 10], [25, 19, 20, 16], [3, 19, 0, 6], [31, 3, 13, 16], [20, 19, 15, 2], [13, 6, 22, 3]]"
19,1,28,"[6111, 6018, 4663, 908, 4643, 5667, 2022, 601]","[31, 4, 34, 56, 50, 58, 46, 18]","[[19, 12, 31, 24], [26, 19, 12, 29], [29, 12, 19, 16], [20, 25, 16, 19], [8, 0, 19, 9], [25, 19, 0, 6], [31, 19, 16, 12], [6, 25, 22, 19]]"
20,0,16,"[3060, 7416, 2058, 1009, 7816, 1340, 3590, 6333]","[7, 58, 30, 35, 52, 26, 21, 4]","[[13, 21, 20, 6], [16, 25, 0, 31], [6, 18, 13, 21], [16, 25, 31, 0], [0, 21, 31, 30], [16, 25, 0, 31], [6, 13, 21, 30], [6, 1, 13, 21]]"
20,1,19,"[3061, 7417, 2059, 1010, 7817, 1341, 3591, 6334]","[6, 57, 29, 34, 51, 25, 20, 3]","[[18, 6, 5, 1], [13, 1, 20, 21], [31, 16, 25, 0], [21, 6, 30, 13], [13, 20, 21, 6], [13, 1, 20, 21], [0, 21, 31, 25], [5, 31, 1, 26]]"
21,0,23,"[4757, 4401, 7884, 4878, 7333, 7571, 6935, 2160]","[27, 10, 62, 22, 11, 6, 59, 49]","[[4, 11, 26, 16], [3, 9, 27, 31], [9, 18, 2, 21], [27, 3, 1, 31], [3, 1, 31, 9], [3, 9, 31, 21], [9, 1, 3, 21], [3, 1, 31, 9]]"
21,1,27,"[4758, 4402, 7885, 4879, 7334, 7572, 6936, 2161]","[26, 9, 61, 21, 10, 5, 58, 48]","[[4, 9, 11, 20], [7, 26, 16, 30], [9, 3, 21, 31], [3, 21, 31, 27], [3, 9, 31, 27], [3, 18, 2, 31], [9, 3, 21, 27], [3, 9, 31, 27]]"
22,0,25,"[4682, 822, 2125, 7358, 2030, 3576, 4353, 2207]","[54, 48, 54, 50, 38, 36, 33, 36]","[[16, 14, 20, 13], [14, 25, 18, 24], [25, 22, 15, 0], [25, 0, 15, 18], [25, 0, 4, 15], [25, 18, 0, 15], [25, 27, 4, 1], [22, 15, 25, 7]]"
22,1,27,"[4683, 823, 2126, 7359, 2031, 3577, 4354, 2208]","[53, 47, 53, 49, 37, 35, 32, 35]","[[14, 16, 25, 21], [18, 25, 30, 8], [25, 4, 8, 0], [25, 4, 0, 8], [22, 25, 15, 18], [0, 25, 15, 29], [25, 18, 15, 22], [25, 14, 18, 0]]"
23,0,29,"[7148, 7545, 7843, 864, 4932, 3214, 6594, 3712]","[58, 29, 20, 37, 18, 64, 4, 9]","[[4, 31, 18, 22], [0, 31, 18, 10], [19, 23, 1, 13], [0, 31, 18, 10], [31, 7, 18, 10], [31, 18, 10, 27], [31, 18, 0, 27], [31, 18, 0, 4]]"
23,1,27,"[7149, 7546, 7844, 865, 4933, 3215, 6595, 3713]","[57, 28, 19, 36, 17, 63, 3, 8]","[[31, 0, 18, 4], [31, 18, 10, 4], [16, 23, 28, 20], [31, 18, 10, 27], [0, 31, 18, 7], [31, 18, 27, 10], [27, 31, 0, 18], [31, 22, 18, 4]]"
