local_bs,level,layer,num_samples,expected_x,p95_x,spike_x,spike_prob,max_prob_x,max_prob
32,fixed_original,0,248,17.814516129032256,32,32,0.13306451612903225,12,0.13306451612903225
32,fixed_original,1,248,17.088709677419352,32,32,0.16532258064516128,11,0.1693548387096774
32,fixed_original,2,248,22.81048387096774,32,32,0.2903225806451613,32,0.2903225806451613
32,fixed_original,3,248,22.95967741935484,32,32,0.21774193548387097,32,0.21774193548387097
32,fixed_original,4,248,23.088709677419356,32,32,0.28225806451612906,32,0.28225806451612906
32,fixed_original,5,248,24.564516129032256,32,32,0.22580645161290322,32,0.22580645161290322
32,fixed_original,6,248,19.157258064516128,32,32,0.18951612903225806,32,0.18951612903225806
32,fixed_original,7,248,20.141129032258064,32,32,0.22580645161290322,32,0.22580645161290322
32,fixed_original,8,248,19.931451612903224,32,32,0.20967741935483872,32,0.20967741935483872
32,fixed_original,9,248,24.729838709677423,32,32,0.28225806451612906,32,0.28225806451612906
32,fixed_original,10,248,28.161290322580644,32,32,0.2903225806451613,32,0.2903225806451613
32,fixed_original,11,248,27.653225806451612,32,32,0.2903225806451613,32,0.2903225806451613
32,fixed_original,12,248,24.23790322580645,32,32,0.2862903225806452,32,0.2862903225806452
32,fixed_original,13,248,25.391129032258064,32,32,0.27419354838709675,32,0.27419354838709675
32,fixed_original,14,248,20.286290322580644,32,32,0.18548387096774194,32,0.18548387096774194
32,fixed_original,15,248,19.366935483870968,32,32,0.1814516129032258,32,0.1814516129032258
32,fixed_original,16,248,19.943548387096776,32,32,0.1975806451612903,32,0.1975806451612903
32,fixed_original,17,248,24.068548387096776,32,32,0.2661290322580645,32,0.2661290322580645
32,fixed_original,18,248,19.94758064516129,32,32,0.17338709677419356,32,0.17338709677419356
32,fixed_original,19,248,23.608870967741932,32,32,0.23790322580645162,32,0.23790322580645162
32,fixed_original,20,248,19.733870967741936,32,32,0.16129032258064516,32,0.16129032258064516
32,fixed_original,21,248,25.826612903225808,32,32,0.24193548387096775,32,0.24193548387096775
32,fixed_original,22,248,29.096774193548384,32,32,0.31048387096774194,32,0.31048387096774194
32,fixed_original,23,248,29.548387096774196,32,32,0.29435483870967744,32,0.29435483870967744
32,L0_global_iid_shuffle,0,248,9.064516129032258,11,32,0.0,8,0.2862903225806452
32,L0_global_iid_shuffle,1,248,8.858870967741936,11,32,0.0,9,0.3225806451612903
32,L0_global_iid_shuffle,2,248,8.875,11,32,0.0,8,0.29838709677419356
32,L0_global_iid_shuffle,3,248,8.971774193548388,11,32,0.0,9,0.34274193548387094
32,L0_global_iid_shuffle,4,248,8.975806451612904,11,32,0.0,9,0.3225806451612903
32,L0_global_iid_shuffle,5,248,8.862903225806452,11,32,0.0,9,0.34274193548387094
32,L0_global_iid_shuffle,6,248,9.068548387096774,11,32,0.0,8,0.3064516129032258
32,L0_global_iid_shuffle,7,248,8.838709677419356,11,32,0.0,8,0.3629032258064516
32,L0_global_iid_shuffle,8,248,8.951612903225806,12,32,0.0,9,0.2862903225806452
32,L0_global_iid_shuffle,9,248,9.080645161290324,12,32,0.0,8,0.3024193548387097
32,L0_global_iid_shuffle,10,248,9.016129032258064,12,32,0.0,8,0.34274193548387094
32,L0_global_iid_shuffle,11,248,9.05241935483871,11,32,0.0,9,0.29838709677419356
32,L0_global_iid_shuffle,12,248,8.866935483870966,11,32,0.0,8,0.32661290322580644
32,L0_global_iid_shuffle,13,248,8.97983870967742,11,32,0.0,9,0.32661290322580644
32,L0_global_iid_shuffle,14,248,8.967741935483872,11,32,0.0,9,0.3064516129032258
32,L0_global_iid_shuffle,15,248,8.919354838709678,11,32,0.0,9,0.31451612903225806
32,L0_global_iid_shuffle,16,248,8.97983870967742,11,32,0.0,9,0.3064516129032258
32,L0_global_iid_shuffle,17,248,9.201612903225806,12,32,0.0,8,0.29838709677419356
32,L0_global_iid_shuffle,18,248,8.879032258064516,11,32,0.0,9,0.3387096774193548
32,L0_global_iid_shuffle,19,248,8.951612903225808,11,32,0.0,8,0.3346774193548387
32,L0_global_iid_shuffle,20,248,9.10483870967742,12,32,0.0,9,0.3387096774193548
32,L0_global_iid_shuffle,21,248,8.935483870967742,11,32,0.0,9,0.28225806451612906
32,L0_global_iid_shuffle,22,248,8.935483870967742,11,32,0.0,8,0.33064516129032256
32,L0_global_iid_shuffle,23,248,8.79435483870968,11,32,0.0,9,0.29435483870967744
32,L1_layer_iid_shuffle,0,248,11.733870967741936,15,32,0.0,12,0.2540322580645161
32,L1_layer_iid_shuffle,1,248,12.72983870967742,16,32,0.0,12,0.2540322580645161
32,L1_layer_iid_shuffle,2,248,20.427419354838708,25,32,0.0,19,0.18951612903225806
32,L1_layer_iid_shuffle,3,248,20.169354838709676,24,32,0.0,21,0.1693548387096774
32,L1_layer_iid_shuffle,4,248,23.0,27,32,0.0,24,0.18951612903225806
32,L1_layer_iid_shuffle,5,248,21.592741935483872,25,32,0.0,20,0.17338709677419356
32,L1_layer_iid_shuffle,6,248,13.967741935483872,18,32,0.0,13,0.20967741935483872
32,L1_layer_iid_shuffle,7,248,15.560483870967742,19,32,0.0,16,0.1975806451612903
32,L1_layer_iid_shuffle,8,248,13.826612903225806,17,32,0.0,14,0.2217741935483871
32,L1_layer_iid_shuffle,9,248,23.983870967741936,27,32,0.0,26,0.17338709677419356
32,L1_layer_iid_shuffle,10,248,27.866935483870968,31,32,0.008064516129032258,28,0.2217741935483871
32,L1_layer_iid_shuffle,11,248,27.258064516129032,30,32,0.012096774193548387,27,0.1975806451612903
32,L1_layer_iid_shuffle,12,248,23.27016129032258,27,32,0.0,24,0.1935483870967742
32,L1_layer_iid_shuffle,13,248,23.358870967741936,27,32,0.0,23,0.1774193548387097
32,L1_layer_iid_shuffle,14,248,15.42741935483871,20,32,0.0,15,0.15725806451612903
32,L1_layer_iid_shuffle,15,248,14.245967741935484,18,32,0.0,13,0.22983870967741934
32,L1_layer_iid_shuffle,16,248,15.354838709677418,20,32,0.0,14,0.1935483870967742
32,L1_layer_iid_shuffle,17,248,22.14516129032258,26,32,0.0,22,0.1975806451612903
32,L1_layer_iid_shuffle,18,248,14.350806451612904,18,32,0.0,14,0.23790322580645162
32,L1_layer_iid_shuffle,19,248,22.91532258064516,27,32,0.0,23,0.18951612903225806
32,L1_layer_iid_shuffle,20,248,14.762096774193548,19,32,0.0,14,0.18951612903225806
32,L1_layer_iid_shuffle,21,248,24.818548387096776,29,32,0.004032258064516129,26,0.1693548387096774
32,L1_layer_iid_shuffle,22,248,26.895161290322584,30,32,0.0,27,0.20161290322580644
32,L1_layer_iid_shuffle,23,248,27.520161290322584,30,32,0.008064516129032258,29,0.2056451612903226
32,L2_layer_without_replacement,0,248,11.754032258064516,15,32,0.0,11,0.25
32,L2_layer_without_replacement,1,248,12.633064516129032,16,32,0.0,11,0.18951612903225806
32,L2_layer_without_replacement,2,248,20.524193548387096,25,32,0.0,19,0.1532258064516129
32,L2_layer_without_replacement,3,248,19.725806451612904,24,32,0.0,20,0.1532258064516129
32,L2_layer_without_replacement,4,248,22.85483870967742,27,32,0.0,23,0.16532258064516128
32,L2_layer_without_replacement,5,248,21.608870967741936,25,32,0.0,23,0.1814516129032258
32,L2_layer_without_replacement,6,248,13.850806451612902,18,32,0.0,13,0.2056451612903226
32,L2_layer_without_replacement,7,248,15.669354838709678,20,32,0.0,16,0.17338709677419356
32,L2_layer_without_replacement,8,248,13.814516129032258,17,32,0.0,14,0.21370967741935484
32,L2_layer_without_replacement,9,248,24.088709677419352,28,32,0.0,24,0.1935483870967742
32,L2_layer_without_replacement,10,248,27.983870967741936,31,32,0.008064516129032258,28,0.22580645161290322
32,L2_layer_without_replacement,11,248,27.407258064516128,30,32,0.004032258064516129,27,0.22983870967741934
32,L2_layer_without_replacement,12,248,23.104838709677416,27,32,0.0,23,0.1975806451612903
32,L2_layer_without_replacement,13,248,23.58064516129032,27,32,0.0,23,0.17338709677419356
32,L2_layer_without_replacement,14,248,15.713709677419356,20,32,0.0,15,0.21774193548387097
32,L2_layer_without_replacement,15,248,14.036290322580644,18,32,0.0,14,0.2540322580645161
32,L2_layer_without_replacement,16,248,15.544354838709678,20,32,0.0,13,0.1774193548387097
32,L2_layer_without_replacement,17,248,21.80241935483871,26,32,0.0,20,0.1693548387096774
32,L2_layer_without_replacement,18,248,14.32258064516129,18,32,0.0,14,0.23790322580645162
32,L2_layer_without_replacement,19,248,22.93951612903226,27,32,0.004032258064516129,24,0.18951612903225806
32,L2_layer_without_replacement,20,248,14.866935483870968,19,32,0.0,14,0.18548387096774194
32,L2_layer_without_replacement,21,248,24.842741935483872,28,32,0.0,25,0.17338709677419356
32,L2_layer_without_replacement,22,248,27.112903225806452,30,32,0.0,27,0.22580645161290322
32,L2_layer_without_replacement,23,248,27.487903225806456,30,32,0.004032258064516129,28,0.23790322580645162
32,L3_arrival_departure,0,248,11.463709677419356,15,32,0.0,11,0.31451612903225806
32,L3_arrival_departure,1,248,12.592741935483872,16,32,0.0,12,0.23790322580645162
32,L3_arrival_departure,2,248,20.479838709677416,25,32,0.0,20,0.1693548387096774
32,L3_arrival_departure,3,248,19.721774193548384,23,32,0.0,20,0.20967741935483872
32,L3_arrival_departure,4,248,23.104838709677416,27,32,0.0,24,0.1693548387096774
32,L3_arrival_departure,5,248,21.475806451612904,25,32,0.0,22,0.20967741935483872
32,L3_arrival_departure,6,248,13.649193548387096,17,32,0.0,13,0.24193548387096775
32,L3_arrival_departure,7,248,15.842741935483868,20,32,0.0,15,0.1814516129032258
32,L3_arrival_departure,8,248,13.391129032258064,17,32,0.0,13,0.2620967741935484
32,L3_arrival_departure,9,248,24.028225806451616,27,32,0.0,24,0.14516129032258066
32,L3_arrival_departure,10,248,27.854838709677416,31,32,0.004032258064516129,27,0.21774193548387097
32,L3_arrival_departure,11,248,27.088709677419352,30,32,0.004032258064516129,27,0.1975806451612903
32,L3_arrival_departure,12,248,23.141129032258064,27,32,0.0,23,0.1975806451612903
32,L3_arrival_departure,13,248,23.483870967741936,27,32,0.0,24,0.1814516129032258
32,L3_arrival_departure,14,248,15.733870967741936,20,32,0.0,15,0.2056451612903226
32,L3_arrival_departure,15,248,13.943548387096774,17,32,0.0,14,0.25
32,L3_arrival_departure,16,248,15.294354838709676,19,32,0.0,16,0.17338709677419356
32,L3_arrival_departure,17,248,22.100806451612904,26,32,0.0,24,0.14919354838709678
32,L3_arrival_departure,18,248,14.254032258064516,17,32,0.0,13,0.24596774193548387
32,L3_arrival_departure,19,248,23.193548387096776,27,32,0.0,24,0.18951612903225806
32,L3_arrival_departure,20,248,14.721774193548386,19,32,0.0,13,0.22580645161290322
32,L3_arrival_departure,21,248,24.036290322580644,28,32,0.0,24,0.18951612903225806
32,L3_arrival_departure,22,248,27.403225806451616,30,32,0.0,28,0.21774193548387097
32,L3_arrival_departure,23,248,27.491935483870964,30,32,0.004032258064516129,27,0.20161290322580644
16,fixed_original,0,496,9.237903225806452,16,16,0.14919354838709678,7,0.20362903225806453
16,fixed_original,1,496,9.050403225806452,16,16,0.17540322580645162,6,0.23588709677419356
16,fixed_original,2,496,11.858870967741936,16,16,0.2903225806451613,16,0.2903225806451613
16,fixed_original,3,496,11.866935483870968,16,16,0.2560483870967742,16,0.2560483870967742
16,fixed_original,4,496,11.858870967741936,16,16,0.28830645161290325,16,0.28830645161290325
16,fixed_original,5,496,12.548387096774194,16,16,0.23588709677419356,16,0.23588709677419356
16,fixed_original,6,496,10.080645161290322,16,16,0.21370967741935484,16,0.21370967741935484
16,fixed_original,7,496,10.502016129032258,16,16,0.22782258064516128,16,0.22782258064516128
16,fixed_original,8,496,10.445564516129032,16,16,0.23790322580645162,16,0.23790322580645162
16,fixed_original,9,496,12.64717741935484,16,16,0.2903225806451613,16,0.2903225806451613
16,fixed_original,10,496,14.27016129032258,16,16,0.33064516129032256,16,0.33064516129032256
16,fixed_original,11,496,13.953629032258064,16,16,0.32056451612903225,16,0.32056451612903225
16,fixed_original,12,496,12.495967741935484,16,16,0.2862903225806452,16,0.2862903225806452
16,fixed_original,13,496,13.068548387096774,16,16,0.2923387096774194,16,0.2923387096774194
16,fixed_original,14,496,10.62298387096774,16,16,0.1935483870967742,8,0.20766129032258066
16,fixed_original,15,496,10.175403225806452,16,16,0.19153225806451613,8,0.19153225806451613
16,fixed_original,16,496,10.508064516129032,16,16,0.20967741935483872,16,0.20967741935483872
16,fixed_original,17,496,12.276209677419354,16,16,0.2762096774193548,16,0.2762096774193548
16,fixed_original,18,496,10.471774193548388,16,16,0.1935483870967742,16,0.1935483870967742
16,fixed_original,19,496,12.10483870967742,16,16,0.25,16,0.25
16,fixed_original,20,496,10.316532258064516,16,16,0.1875,8,0.21169354838709678
16,fixed_original,21,496,13.056451612903224,16,16,0.2560483870967742,16,0.2560483870967742
16,fixed_original,22,496,14.578629032258064,16,16,0.37298387096774194,16,0.37298387096774194
16,fixed_original,23,496,14.828629032258064,16,16,0.4012096774193548,16,0.4012096774193548
16,L0_global_iid_shuffle,0,496,5.455645161290322,7,16,0.0,5,0.4475806451612903
16,L0_global_iid_shuffle,1,496,5.354838709677419,7,16,0.0,5,0.4838709677419355
16,L0_global_iid_shuffle,2,496,5.415322580645161,7,16,0.0,5,0.4778225806451613
16,L0_global_iid_shuffle,3,496,5.413306451612903,7,16,0.0,5,0.4737903225806452
16,L0_global_iid_shuffle,4,496,5.34475806451613,7,16,0.0,5,0.4475806451612903
16,L0_global_iid_shuffle,5,496,5.350806451612904,7,16,0.0,5,0.45564516129032256
16,L0_global_iid_shuffle,6,496,5.409274193548387,7,16,0.0,5,0.46169354838709675
16,L0_global_iid_shuffle,7,496,5.483870967741935,7,16,0.0,5,0.4375
16,L0_global_iid_shuffle,8,496,5.441532258064516,7,16,0.0,5,0.4032258064516129
16,L0_global_iid_shuffle,9,496,5.431451612903226,7,16,0.0,5,0.4475806451612903
16,L0_global_iid_shuffle,10,496,5.445564516129032,7,16,0.0,5,0.4274193548387097
16,L0_global_iid_shuffle,11,496,5.375,7,16,0.0,5,0.4778225806451613
16,L0_global_iid_shuffle,12,496,5.399193548387096,7,16,0.0,5,0.46169354838709675
16,L0_global_iid_shuffle,13,496,5.33266129032258,7,16,0.0,5,0.4899193548387097
16,L0_global_iid_shuffle,14,496,5.455645161290322,7,16,0.0,5,0.4334677419354839
16,L0_global_iid_shuffle,15,496,5.399193548387096,7,16,0.0,5,0.4536290322580645
16,L0_global_iid_shuffle,16,496,5.445564516129032,7,16,0.0,5,0.45564516129032256
16,L0_global_iid_shuffle,17,496,5.352822580645162,7,16,0.0,5,0.4899193548387097
16,L0_global_iid_shuffle,18,496,5.415322580645161,7,16,0.0,5,0.4435483870967742
16,L0_global_iid_shuffle,19,496,5.379032258064516,7,16,0.0,5,0.4657258064516129
16,L0_global_iid_shuffle,20,496,5.38508064516129,7,16,0.0,5,0.44556451612903225
16,L0_global_iid_shuffle,21,496,5.387096774193548,7,16,0.0,5,0.4576612903225806
16,L0_global_iid_shuffle,22,496,5.324596774193548,7,16,0.0,5,0.4838709677419355
16,L0_global_iid_shuffle,23,496,5.375,7,16,0.0,5,0.4737903225806452
16,L1_layer_iid_shuffle,0,496,6.612903225806452,9,16,0.0,6,0.3346774193548387
16,L1_layer_iid_shuffle,1,496,6.909274193548387,9,16,0.0,6,0.33064516129032256
16,L1_layer_iid_shuffle,2,496,10.588709677419354,13,16,0.0,11,0.2217741935483871
16,L1_layer_iid_shuffle,3,496,10.441532258064516,13,16,0.0,10,0.2923387096774194
16,L1_layer_iid_shuffle,4,496,11.58266129032258,14,16,0.008064516129032258,12,0.24193548387096775
16,L1_layer_iid_shuffle,5,496,11.179435483870968,14,16,0.0,11,0.25806451612903225
16,L1_layer_iid_shuffle,6,496,7.673387096774194,10,16,0.0,7,0.29838709677419356
16,L1_layer_iid_shuffle,7,496,8.203629032258064,11,16,0.0,8,0.3165322580645161
16,L1_layer_iid_shuffle,8,496,7.651209677419355,10,16,0.0,7,0.3467741935483871
16,L1_layer_iid_shuffle,9,496,12.10483870967742,15,16,0.004032258064516129,12,0.24798387096774194
16,L1_layer_iid_shuffle,10,496,14.094758064516128,16,16,0.11088709677419355,14,0.3245967741935484
16,L1_layer_iid_shuffle,11,496,13.616935483870968,16,16,0.05443548387096774,14,0.27419354838709675
16,L1_layer_iid_shuffle,12,496,11.635080645161292,14,16,0.004032258064516129,11,0.23588709677419356
16,L1_layer_iid_shuffle,13,496,12.0625,15,16,0.0020161290322580645,12,0.3004032258064516
16,L1_layer_iid_shuffle,14,496,8.306451612903226,11,16,0.0,8,0.2842741935483871
16,L1_layer_iid_shuffle,15,496,7.836693548387097,10,16,0.0,8,0.3165322580645161
16,L1_layer_iid_shuffle,16,496,8.298387096774194,11,16,0.0,8,0.30443548387096775
16,L1_layer_iid_shuffle,17,496,11.10483870967742,14,16,0.0020161290322580645,11,0.2399193548387097
16,L1_layer_iid_shuffle,18,496,7.766129032258064,10,16,0.0,7,0.33064516129032256
16,L1_layer_iid_shuffle,19,496,11.372983870967742,14,16,0.006048387096774193,12,0.2318548387096774
16,L1_layer_iid_shuffle,20,496,7.943548387096774,10,16,0.0,8,0.3165322580645161
16,L1_layer_iid_shuffle,21,496,12.58266129032258,15,16,0.028225806451612902,13,0.23790322580645162
16,L1_layer_iid_shuffle,22,496,13.526209677419356,16,16,0.07661290322580645,14,0.29435483870967744
16,L1_layer_iid_shuffle,23,496,13.699596774193548,16,16,0.06653225806451613,14,0.28225806451612906
16,L2_layer_without_replacement,0,496,6.592741935483871,9,16,0.0,6,0.3588709677419355
16,L2_layer_without_replacement,1,496,6.836693548387098,9,16,0.0,6,0.3064516129032258
16,L2_layer_without_replacement,2,496,10.391129032258064,13,16,0.0,10,0.2217741935483871
16,L2_layer_without_replacement,3,496,10.455645161290324,13,16,0.0,10,0.25
16,L2_layer_without_replacement,4,496,11.663306451612902,14,16,0.004032258064516129,12,0.2560483870967742
16,L2_layer_without_replacement,5,496,11.05241935483871,14,16,0.0,11,0.2923387096774194
16,L2_layer_without_replacement,6,496,7.647177419354838,10,16,0.0,7,0.3326612903225806
16,L2_layer_without_replacement,7,496,8.368951612903226,11,16,0.0,8,0.2701612903225806
16,L2_layer_without_replacement,8,496,7.544354838709678,10,16,0.0,7,0.3165322580645161
16,L2_layer_without_replacement,9,496,12.129032258064514,15,16,0.004032258064516129,12,0.25201612903225806
16,L2_layer_without_replacement,10,496,13.969758064516128,16,16,0.10483870967741936,14,0.3387096774193548
16,L2_layer_without_replacement,11,496,13.663306451612902,16,16,0.07459677419354839,14,0.27419354838709675
16,L2_layer_without_replacement,12,496,11.566532258064516,14,16,0.0020161290322580645,12,0.25
16,L2_layer_without_replacement,13,496,12.114919354838708,14,16,0.0020161290322580645,12,0.2721774193548387
16,L2_layer_without_replacement,14,496,8.27016129032258,11,16,0.0,8,0.26411290322580644
16,L2_layer_without_replacement,15,496,7.772177419354838,10,16,0.0,7,0.32661290322580644
16,L2_layer_without_replacement,16,496,8.235887096774194,11,16,0.0,8,0.28830645161290325
16,L2_layer_without_replacement,17,496,11.29233870967742,14,16,0.006048387096774193,11,0.21975806451612903
16,L2_layer_without_replacement,18,496,7.836693548387098,10,16,0.0,8,0.30443548387096775
16,L2_layer_without_replacement,19,496,11.635080645161292,14,16,0.004032258064516129,12,0.21975806451612903
16,L2_layer_without_replacement,20,496,7.931451612903226,10,16,0.0,8,0.28830645161290325
16,L2_layer_without_replacement,21,496,12.491935483870968,15,16,0.010080645161290322,13,0.25806451612903225
16,L2_layer_without_replacement,22,496,13.550403225806452,16,16,0.08064516129032258,14,0.2661290322580645
16,L2_layer_without_replacement,23,496,13.756048387096776,16,16,0.07661290322580645,14,0.2862903225806452
16,L3_arrival_departure,0,496,6.554435483870968,9,16,0.0,6,0.35080645161290325
16,L3_arrival_departure,1,496,6.995967741935484,9,16,0.0,7,0.3346774193548387
16,L3_arrival_departure,2,496,10.576612903225808,13,16,0.0,11,0.24798387096774194
16,L3_arrival_departure,3,496,10.381048387096774,13,16,0.0,10,0.2903225806451613
16,L3_arrival_departure,4,496,11.760080645161292,14,16,0.012096774193548387,12,0.23387096774193547
16,L3_arrival_departure,5,496,11.31048387096774,14,16,0.0020161290322580645,11,0.25806451612903225
16,L3_arrival_departure,6,496,7.687499999999999,10,16,0.0,7,0.3286290322580645
16,L3_arrival_departure,7,496,8.20967741935484,11,16,0.0,8,0.2963709677419355
16,L3_arrival_departure,8,496,7.699596774193548,10,16,0.0,7,0.3165322580645161
16,L3_arrival_departure,9,496,11.913306451612904,14,16,0.0020161290322580645,12,0.27419354838709675
16,L3_arrival_departure,10,496,14.10483870967742,16,16,0.11088709677419355,14,0.31048387096774194
16,L3_arrival_departure,11,496,13.719758064516128,16,16,0.09274193548387097,14,0.2600806451612903
16,L3_arrival_departure,12,496,11.83266129032258,15,16,0.004032258064516129,12,0.21774193548387097
16,L3_arrival_departure,13,496,12.225806451612904,14,16,0.0020161290322580645,12,0.2782258064516129
16,L3_arrival_departure,14,496,8.316532258064516,11,16,0.0,7,0.2560483870967742
16,L3_arrival_departure,15,496,7.655241935483872,10,16,0.0,7,0.3467741935483871
16,L3_arrival_departure,16,496,8.421370967741936,11,16,0.0,8,0.2439516129032258
16,L3_arrival_departure,17,496,11.064516129032258,14,16,0.004032258064516129,11,0.2620967741935484
16,L3_arrival_departure,18,496,7.838709677419354,10,16,0.0,8,0.3245967741935484
16,L3_arrival_departure,19,496,11.512096774193548,14,16,0.006048387096774193,12,0.19959677419354838
16,L3_arrival_departure,20,496,8.14516129032258,11,16,0.0,8,0.25806451612903225
16,L3_arrival_departure,21,496,12.677419354838708,15,16,0.02217741935483871,13,0.25806451612903225
16,L3_arrival_departure,22,496,13.65524193548387,16,16,0.056451612903225805,13,0.2701612903225806
16,L3_arrival_departure,23,496,13.745967741935484,16,16,0.06653225806451613,14,0.3084677419354839
