bs,x,actual_prob,pred_prob,abs_err,ape_percent
2,1,0.29417499999999996,0.25022061247075317,0.0439543875292468,14.941578152204233
2,2,0.705825,0.7497184005448738,0.043893400544873784,6.218737016239689
4,1,0.0012104166666666665,0.006254229458380154,0.005043812791713488,416.7005404513726
4,4,0.25971875,0.29222738583841995,0.03250863583841995,12.51686135037226
4,2,0.2575604166666666,0.23400784971317903,0.02355256695348759,9.144482393025944
4,3,0.48151041666666666,0.4675105292874855,0.013999887379181175,2.907494187996523
8,2,0.0008125,0.00255531418034861,0.0017428141803486103,214.50020681213667
8,4,0.21674166666666667,0.2025604537343269,0.01418121293233976,6.542910345960133
8,7,0.1715625,0.1820766329065417,0.010514132906541684,6.128456338967831
8,5,0.24535833333333337,0.23660389643169194,0.008754436901641433,3.568021017549067
8,3,0.06322916666666666,0.06531385914628941,0.0020846924796227573,3.297042471891017
8,8,0.08606458333333333,0.08887938643888824,0.0028148031055549028,3.270570769689316
8,6,0.21623125,0.2220098294450399,0.0057785794450399,2.6724071775193914
16,4,0.0008187499999999999,0.0015923138496013293,0.0007735638496013294,94.48108086733795
16,5,0.015468749999999998,0.017341117857232045,0.0018723678572320473,12.104196248772832
16,7,0.11925,0.1128312711941487,0.006418728805851301,5.3825818078417615
16,6,0.06681458333333333,0.0634126744655648,0.0034019088677685327,5.09156638872781
16,14,0.08462916666666667,0.08794013687545861,0.0033109702087919385,3.9123275570383793
16,10,0.1020375,0.09840071077956794,0.003636789220432063,3.564169271524746
16,13,0.10264375,0.10575279365424496,0.0031090436542449557,3.028965381959404
16,12,0.10930624999999998,0.11190097649554179,0.0025947264955418076,2.373813478681967
32,7,2.2916666666666667e-05,8.459566143031938e-05,6.167899476365272e-05,269.14470442321186
32,8,0.0006645833333333333,0.0010243927742247865,0.0003598094408914532,54.14060552598669
32,9,0.004275,0.00508613093742019,0.0008111309374201903,18.97382309754831
32,32,0.00104375,0.0011946464164224937,0.00015089641642249368,14.457141693173048
32,19,0.04009583333333334,0.037453888466364445,0.0026419448669688927,6.589075839889164
32,10,0.013656250000000002,0.014502208640962928,0.0008459586409629259,6.194662817119823
32,18,0.03793124999999999,0.03570716632783308,0.002224083672166914,5.863460002417306
32,13,0.07005416666666667,0.06600401838771815,0.0040501482789485205,5.7814523698783375
64,64,2.6041666666666666e-06,8.403120215041054e-06,5.798953548374388e-06,222.67981625757648
64,63,4.6875e-05,8.873556616894233e-05,4.186056616894233e-05,89.30254116041031
64,16,0.0002473958333333333,0.0004645736434375448,0.0002171778101042115,87.78555692633392
64,15,6.770833333333333e-05,0.00010013352849849765,3.242519516516432e-05,47.88951901316577
64,17,0.001078125,0.0014797639587126707,0.0004016389587126706,37.25346863421872
64,62,0.00034114583333333333,0.00046317927530421376,0.00012203344197088043,35.77163489833441
64,14,1.0416666666666666e-05,1.3729221658636694e-05,3.3125549919700274e-06,31.800527922912263
64,18,0.002942708333333333,0.0034689752469599417,0.0005262669136266085,17.88376060465643
128,31,2.7777777777777776e-05,4.5294703022879254e-05,1.751692524510148e-05,63.06093088236533
128,123,3.472222222222222e-05,1.5852527710945773e-05,1.886969451127645e-05,54.34472019247617
128,124,6.944444444444444e-06,3.939181900960987e-06,3.0052625434834568e-06,43.27578062616178
128,32,0.00010416666666666667,0.00013266572364885055,2.8499056982183877e-05,27.35909470289652
128,30,1.0416666666666666e-05,1.283104670039588e-05,2.4143800337292132e-06,23.17804832380045
128,121,0.0001840277777777778,0.00015038610386556667,3.3641673912211136e-05,18.28075865418265
128,34,0.00059375,0.000693457404922335,9.970740492233501e-05,16.79282609218274
128,29,3.472222222222222e-06,2.964878045555687e-06,5.073441766665348e-07,14.611512287996204
256,247,4.166666666666667e-06,2.444864181475977e-09,4.164221802485191e-06,99.94132325964456
256,241,8.333333333333334e-06,2.328479125438916e-06,6.004854207894418e-06,72.05825049473302
256,240,1.2499999999999999e-05,5.601886316930491e-06,6.898113683069508e-06,55.18490946455608
256,140,0.0010708333333333331,0.00071487721840002,0.00035595611493331313,33.241037970426135
256,141,0.0010583333333333332,0.0007358335929552278,0.00032249974037810547,30.47241641367926
256,138,0.0011666666666666668,0.0008471412615029814,0.00031952540516368534,27.387891871173025
256,67,0.00011666666666666667,0.00014838793859185247,3.172127192518581e-05,27.189661650159263
256,142,0.0011166666666666668,0.0008151207658155807,0.0003015459008510862,27.004110523977864
512,133,5.208333333333333e-06,1.3644947300297412e-05,8.43661396696408e-06,161.98298816571034
512,136,2.0833333333333333e-05,4.907871521282174e-05,2.8245381879488407e-05,135.57783302154436
512,135,1.5625e-05,3.30192069966171e-05,1.7394206996617102e-05,111.32292477834945
512,474,5.208333333333333e-06,2.563952274751522e-07,4.951938105858181e-06,95.07721163247707
512,473,5.208333333333333e-06,4.900915241967683e-07,4.718241809136565e-06,90.59024273542205
512,467,5.208333333333334e-05,1.3962858699478912e-05,3.8120474633854423e-05,73.19131129700048
512,282,0.0002708333333333333,9.2588284575974e-05,0.00017824504875735931,65.81355646425575
512,283,0.000296875,0.0001164870631552853,0.0001803879368447147,60.76225241085127
1024,534,6.944444444444444e-06,3.5897721715256065e-05,2.8953277270811622e-05,416.9271926996874
1024,531,1.3888888888888888e-05,6.053979958898281e-05,4.6650910700093925e-05,335.8865570406763
1024,279,6.944444444444444e-06,1.809395424950762e-05,1.1149509805063176e-05,160.55294119290974
1024,533,2.0833333333333333e-05,4.2890097578704324e-05,2.205676424537099e-05,105.87246837778078
1024,919,6.944444444444444e-06,1.3380529938424488e-05,6.436085493980044e-06,92.67963111331264
1024,558,1.3888888888888888e-05,1.1098267459378115e-06,1.2779062142951076e-05,92.00924742924775
1024,555,6.944444444444444e-06,7.068838182325798e-07,6.2375606262118644e-06,89.82087301745085
1024,554,6.944444444444444e-06,7.088004962076593e-07,6.2356439482367845e-06,89.79327285460971
