layer,series,x,prob
0,pairwise_cov_normal,0,0.0
0,pairwise_cov_normal,1,0.0
0,pairwise_cov_normal,2,0.0
0,pairwise_cov_normal,3,0.0
0,pairwise_cov_normal,4,0.0
0,pairwise_cov_normal,5,0.0
0,pairwise_cov_normal,6,3.3333333333333333e-06
0,pairwise_cov_normal,7,0.0005266666666666667
0,pairwise_cov_normal,8,0.012016666666666667
0,pairwise_cov_normal,9,0.06971333333333334
0,pairwise_cov_normal,10,0.17273666666666668
0,pairwise_cov_normal,11,0.2375
0,pairwise_cov_normal,12,0.21708333333333332
0,pairwise_cov_normal,13,0.14754666666666666
0,pairwise_cov_normal,14,0.08122333333333333
0,pairwise_cov_normal,15,0.03791666666666667
0,pairwise_cov_normal,16,0.015756666666666665
0,pairwise_cov_normal,17,0.00559
0,pairwise_cov_normal,18,0.0017533333333333333
0,pairwise_cov_normal,19,0.00048
0,pairwise_cov_normal,20,0.00013
0,pairwise_cov_normal,21,2e-05
0,pairwise_cov_normal,22,3.3333333333333333e-06
0,pairwise_cov_normal,23,0.0
0,pairwise_cov_normal,24,0.0
0,pairwise_cov_normal,25,0.0
0,pairwise_cov_normal,26,0.0
0,pairwise_cov_normal,27,0.0
0,pairwise_cov_normal,28,0.0
0,pairwise_cov_normal,29,0.0
0,pairwise_cov_normal,30,0.0
0,pairwise_cov_normal,31,0.0
0,pairwise_cov_normal,32,0.0
1,pairwise_cov_normal,0,0.0
1,pairwise_cov_normal,1,0.0
1,pairwise_cov_normal,2,0.0
1,pairwise_cov_normal,3,0.0
1,pairwise_cov_normal,4,0.0
1,pairwise_cov_normal,5,0.0
1,pairwise_cov_normal,6,0.0
1,pairwise_cov_normal,7,6.666666666666667e-06
1,pairwise_cov_normal,8,0.0018333333333333333
1,pairwise_cov_normal,9,0.027686666666666665
1,pairwise_cov_normal,10,0.10485
1,pairwise_cov_normal,11,0.18643
1,pairwise_cov_normal,12,0.21069333333333334
1,pairwise_cov_normal,13,0.18038333333333334
1,pairwise_cov_normal,14,0.12735666666666667
1,pairwise_cov_normal,15,0.07968
1,pairwise_cov_normal,16,0.04444
1,pairwise_cov_normal,17,0.02159
1,pairwise_cov_normal,18,0.009713333333333333
1,pairwise_cov_normal,19,0.0035433333333333332
1,pairwise_cov_normal,20,0.0012933333333333334
1,pairwise_cov_normal,21,0.00037666666666666664
1,pairwise_cov_normal,22,0.00010666666666666667
1,pairwise_cov_normal,23,1.6666666666666667e-05
1,pairwise_cov_normal,24,0.0
1,pairwise_cov_normal,25,0.0
1,pairwise_cov_normal,26,0.0
1,pairwise_cov_normal,27,0.0
1,pairwise_cov_normal,28,0.0
1,pairwise_cov_normal,29,0.0
1,pairwise_cov_normal,30,0.0
1,pairwise_cov_normal,31,0.0
1,pairwise_cov_normal,32,0.0
2,pairwise_cov_normal,0,0.0
2,pairwise_cov_normal,1,0.0
2,pairwise_cov_normal,2,0.0
2,pairwise_cov_normal,3,0.0
2,pairwise_cov_normal,4,0.0
2,pairwise_cov_normal,5,0.0
2,pairwise_cov_normal,6,0.0
2,pairwise_cov_normal,7,0.0
2,pairwise_cov_normal,8,0.0
2,pairwise_cov_normal,9,0.0
2,pairwise_cov_normal,10,0.0
2,pairwise_cov_normal,11,0.0
2,pairwise_cov_normal,12,2e-05
2,pairwise_cov_normal,13,0.00036333333333333335
2,pairwise_cov_normal,14,0.00299
2,pairwise_cov_normal,15,0.01229
2,pairwise_cov_normal,16,0.03334
2,pairwise_cov_normal,17,0.06777333333333334
2,pairwise_cov_normal,18,0.10595333333333333
2,pairwise_cov_normal,19,0.13716666666666666
2,pairwise_cov_normal,20,0.15155666666666667
2,pairwise_cov_normal,21,0.1468
2,pairwise_cov_normal,22,0.12385
2,pairwise_cov_normal,23,0.09295333333333333
2,pairwise_cov_normal,24,0.06051
2,pairwise_cov_normal,25,0.03491333333333333
2,pairwise_cov_normal,26,0.017106666666666666
2,pairwise_cov_normal,27,0.0077666666666666665
2,pairwise_cov_normal,28,0.0032266666666666667
2,pairwise_cov_normal,29,0.0011133333333333334
2,pairwise_cov_normal,30,0.00021666666666666666
2,pairwise_cov_normal,31,7.666666666666667e-05
2,pairwise_cov_normal,32,1.3333333333333333e-05
3,pairwise_cov_normal,0,0.0
3,pairwise_cov_normal,1,0.0
3,pairwise_cov_normal,2,0.0
3,pairwise_cov_normal,3,0.0
3,pairwise_cov_normal,4,0.0
3,pairwise_cov_normal,5,0.0
3,pairwise_cov_normal,6,0.0
3,pairwise_cov_normal,7,0.0
3,pairwise_cov_normal,8,0.0
3,pairwise_cov_normal,9,0.0
3,pairwise_cov_normal,10,0.0
3,pairwise_cov_normal,11,0.0
3,pairwise_cov_normal,12,0.0
3,pairwise_cov_normal,13,1e-05
3,pairwise_cov_normal,14,0.00046
3,pairwise_cov_normal,15,0.00554
3,pairwise_cov_normal,16,0.03128333333333334
3,pairwise_cov_normal,17,0.08371333333333333
3,pairwise_cov_normal,18,0.13813666666666666
3,pairwise_cov_normal,19,0.16609
3,pairwise_cov_normal,20,0.16952333333333333
3,pairwise_cov_normal,21,0.14654
3,pairwise_cov_normal,22,0.11087333333333334
3,pairwise_cov_normal,23,0.07305666666666667
3,pairwise_cov_normal,24,0.0408
3,pairwise_cov_normal,25,0.02031
3,pairwise_cov_normal,26,0.00879
3,pairwise_cov_normal,27,0.00331
3,pairwise_cov_normal,28,0.0011266666666666667
3,pairwise_cov_normal,29,0.0003066666666666667
3,pairwise_cov_normal,30,9.333333333333333e-05
3,pairwise_cov_normal,31,3.6666666666666666e-05
3,pairwise_cov_normal,32,0.0
4,pairwise_cov_normal,0,0.0
4,pairwise_cov_normal,1,0.0
4,pairwise_cov_normal,2,0.0
4,pairwise_cov_normal,3,0.0
4,pairwise_cov_normal,4,0.0
4,pairwise_cov_normal,5,0.0
4,pairwise_cov_normal,6,0.0
4,pairwise_cov_normal,7,0.0
4,pairwise_cov_normal,8,0.0
4,pairwise_cov_normal,9,0.0
4,pairwise_cov_normal,10,0.0
4,pairwise_cov_normal,11,0.0
4,pairwise_cov_normal,12,0.0
4,pairwise_cov_normal,13,1.3333333333333333e-05
4,pairwise_cov_normal,14,0.00018333333333333334
4,pairwise_cov_normal,15,0.00092
4,pairwise_cov_normal,16,0.0032366666666666668
4,pairwise_cov_normal,17,0.009433333333333334
4,pairwise_cov_normal,18,0.022906666666666665
4,pairwise_cov_normal,19,0.04710333333333333
4,pairwise_cov_normal,20,0.07977
4,pairwise_cov_normal,21,0.11797333333333333
4,pairwise_cov_normal,22,0.14711666666666667
4,pairwise_cov_normal,23,0.15836
4,pairwise_cov_normal,24,0.14487666666666665
4,pairwise_cov_normal,25,0.11379
4,pairwise_cov_normal,26,0.07521
4,pairwise_cov_normal,27,0.04371
4,pairwise_cov_normal,28,0.02152
4,pairwise_cov_normal,29,0.009173333333333334
4,pairwise_cov_normal,30,0.0032833333333333334
4,pairwise_cov_normal,31,0.0011066666666666666
4,pairwise_cov_normal,32,0.0003133333333333333
5,pairwise_cov_normal,0,0.0
5,pairwise_cov_normal,1,0.0
5,pairwise_cov_normal,2,0.0
5,pairwise_cov_normal,3,0.0
5,pairwise_cov_normal,4,0.0
5,pairwise_cov_normal,5,0.0
5,pairwise_cov_normal,6,0.0
5,pairwise_cov_normal,7,0.0
5,pairwise_cov_normal,8,0.0
5,pairwise_cov_normal,9,0.0
5,pairwise_cov_normal,10,0.0
5,pairwise_cov_normal,11,0.0
5,pairwise_cov_normal,12,0.0
5,pairwise_cov_normal,13,0.0
5,pairwise_cov_normal,14,5e-05
5,pairwise_cov_normal,15,0.0009033333333333334
5,pairwise_cov_normal,16,0.006026666666666666
5,pairwise_cov_normal,17,0.02289
5,pairwise_cov_normal,18,0.057256666666666664
5,pairwise_cov_normal,19,0.10603
5,pairwise_cov_normal,20,0.15608
5,pairwise_cov_normal,21,0.18010666666666666
5,pairwise_cov_normal,22,0.16970666666666667
5,pairwise_cov_normal,23,0.12959
5,pairwise_cov_normal,24,0.08519
5,pairwise_cov_normal,25,0.04905333333333333
5,pairwise_cov_normal,26,0.022436666666666667
5,pairwise_cov_normal,27,0.009523333333333333
5,pairwise_cov_normal,28,0.0034966666666666666
5,pairwise_cov_normal,29,0.00123
5,pairwise_cov_normal,30,0.00033
5,pairwise_cov_normal,31,7e-05
5,pairwise_cov_normal,32,3e-05
6,pairwise_cov_normal,0,0.0
6,pairwise_cov_normal,1,0.0
6,pairwise_cov_normal,2,0.0
6,pairwise_cov_normal,3,0.0
6,pairwise_cov_normal,4,0.0
6,pairwise_cov_normal,5,0.0
6,pairwise_cov_normal,6,0.0
6,pairwise_cov_normal,7,0.0
6,pairwise_cov_normal,8,1e-05
6,pairwise_cov_normal,9,0.0009366666666666667
6,pairwise_cov_normal,10,0.015126666666666667
6,pairwise_cov_normal,11,0.06787666666666667
6,pairwise_cov_normal,12,0.14845
6,pairwise_cov_normal,13,0.2022
6,pairwise_cov_normal,14,0.19860666666666665
6,pairwise_cov_normal,15,0.15528333333333333
6,pairwise_cov_normal,16,0.10137333333333333
6,pairwise_cov_normal,17,0.058436666666666665
6,pairwise_cov_normal,18,0.02966
6,pairwise_cov_normal,19,0.013446666666666668
6,pairwise_cov_normal,20,0.005743333333333333
6,pairwise_cov_normal,21,0.0019233333333333333
6,pairwise_cov_normal,22,0.0007366666666666667
6,pairwise_cov_normal,23,0.00014666666666666666
6,pairwise_cov_normal,24,2.6666666666666667e-05
6,pairwise_cov_normal,25,1.6666666666666667e-05
6,pairwise_cov_normal,26,0.0
6,pairwise_cov_normal,27,0.0
6,pairwise_cov_normal,28,0.0
6,pairwise_cov_normal,29,0.0
6,pairwise_cov_normal,30,0.0
6,pairwise_cov_normal,31,0.0
6,pairwise_cov_normal,32,0.0
7,pairwise_cov_normal,0,0.0
7,pairwise_cov_normal,1,0.0
7,pairwise_cov_normal,2,0.0
7,pairwise_cov_normal,3,0.0
7,pairwise_cov_normal,4,0.0
7,pairwise_cov_normal,5,0.0
7,pairwise_cov_normal,6,0.0
7,pairwise_cov_normal,7,0.0
7,pairwise_cov_normal,8,0.0
7,pairwise_cov_normal,9,1e-05
7,pairwise_cov_normal,10,0.0014533333333333334
7,pairwise_cov_normal,11,0.01542
7,pairwise_cov_normal,12,0.06042
7,pairwise_cov_normal,13,0.11804666666666666
7,pairwise_cov_normal,14,0.15330666666666667
7,pairwise_cov_normal,15,0.15907333333333334
7,pairwise_cov_normal,16,0.14686
7,pairwise_cov_normal,17,0.12282
7,pairwise_cov_normal,18,0.09154666666666667
7,pairwise_cov_normal,19,0.06148
7,pairwise_cov_normal,20,0.03654
7,pairwise_cov_normal,21,0.018886666666666666
7,pairwise_cov_normal,22,0.008633333333333333
7,pairwise_cov_normal,23,0.0036033333333333334
7,pairwise_cov_normal,24,0.00135
7,pairwise_cov_normal,25,0.00041
7,pairwise_cov_normal,26,0.00010333333333333333
7,pairwise_cov_normal,27,3e-05
7,pairwise_cov_normal,28,3.3333333333333333e-06
7,pairwise_cov_normal,29,0.0
7,pairwise_cov_normal,30,3.3333333333333333e-06
7,pairwise_cov_normal,31,0.0
7,pairwise_cov_normal,32,0.0
8,pairwise_cov_normal,0,0.0
8,pairwise_cov_normal,1,0.0
8,pairwise_cov_normal,2,0.0
8,pairwise_cov_normal,3,0.0
8,pairwise_cov_normal,4,0.0
8,pairwise_cov_normal,5,0.0
8,pairwise_cov_normal,6,0.0
8,pairwise_cov_normal,7,0.0
8,pairwise_cov_normal,8,0.0
8,pairwise_cov_normal,9,0.00041
8,pairwise_cov_normal,10,0.013626666666666667
8,pairwise_cov_normal,11,0.08009333333333334
8,pairwise_cov_normal,12,0.17772666666666667
8,pairwise_cov_normal,13,0.22725333333333333
8,pairwise_cov_normal,14,0.20511333333333334
8,pairwise_cov_normal,15,0.14379333333333333
8,pairwise_cov_normal,16,0.08302
8,pairwise_cov_normal,17,0.04196
8,pairwise_cov_normal,18,0.017703333333333335
8,pairwise_cov_normal,19,0.00647
8,pairwise_cov_normal,20,0.00206
8,pairwise_cov_normal,21,0.0005833333333333334
8,pairwise_cov_normal,22,0.00015333333333333334
8,pairwise_cov_normal,23,3.3333333333333335e-05
8,pairwise_cov_normal,24,0.0
8,pairwise_cov_normal,25,0.0
8,pairwise_cov_normal,26,0.0
8,pairwise_cov_normal,27,0.0
8,pairwise_cov_normal,28,0.0
8,pairwise_cov_normal,29,0.0
8,pairwise_cov_normal,30,0.0
8,pairwise_cov_normal,31,0.0
8,pairwise_cov_normal,32,0.0
9,pairwise_cov_normal,0,0.0
9,pairwise_cov_normal,1,0.0
9,pairwise_cov_normal,2,0.0
9,pairwise_cov_normal,3,0.0
9,pairwise_cov_normal,4,0.0
9,pairwise_cov_normal,5,0.0
9,pairwise_cov_normal,6,0.0
9,pairwise_cov_normal,7,0.0
9,pairwise_cov_normal,8,0.0
9,pairwise_cov_normal,9,0.0
9,pairwise_cov_normal,10,0.0
9,pairwise_cov_normal,11,0.0
9,pairwise_cov_normal,12,0.0
9,pairwise_cov_normal,13,0.0
9,pairwise_cov_normal,14,0.0
9,pairwise_cov_normal,15,1.3333333333333333e-05
9,pairwise_cov_normal,16,0.00028
9,pairwise_cov_normal,17,0.00235
9,pairwise_cov_normal,18,0.008073333333333333
9,pairwise_cov_normal,19,0.021483333333333333
9,pairwise_cov_normal,20,0.04447333333333333
9,pairwise_cov_normal,21,0.07885
9,pairwise_cov_normal,22,0.11870333333333333
9,pairwise_cov_normal,23,0.15167
9,pairwise_cov_normal,24,0.16404
9,pairwise_cov_normal,25,0.14673
9,pairwise_cov_normal,26,0.1157
9,pairwise_cov_normal,27,0.07535333333333333
9,pairwise_cov_normal,28,0.04121333333333333
9,pairwise_cov_normal,29,0.019713333333333333
9,pairwise_cov_normal,30,0.0075766666666666664
9,pairwise_cov_normal,31,0.00274
9,pairwise_cov_normal,32,0.0010366666666666666
10,pairwise_cov_normal,0,0.0
10,pairwise_cov_normal,1,0.0
10,pairwise_cov_normal,2,0.0
10,pairwise_cov_normal,3,0.0
10,pairwise_cov_normal,4,0.0
10,pairwise_cov_normal,5,0.0
10,pairwise_cov_normal,6,0.0
10,pairwise_cov_normal,7,0.0
10,pairwise_cov_normal,8,0.0
10,pairwise_cov_normal,9,0.0
10,pairwise_cov_normal,10,0.0
10,pairwise_cov_normal,11,0.0
10,pairwise_cov_normal,12,0.0
10,pairwise_cov_normal,13,0.0
10,pairwise_cov_normal,14,0.0
10,pairwise_cov_normal,15,0.0
10,pairwise_cov_normal,16,0.0
10,pairwise_cov_normal,17,0.0
10,pairwise_cov_normal,18,0.0
10,pairwise_cov_normal,19,0.0
10,pairwise_cov_normal,20,3.3333333333333333e-06
10,pairwise_cov_normal,21,0.0001
10,pairwise_cov_normal,22,0.0008933333333333333
10,pairwise_cov_normal,23,0.005196666666666666
10,pairwise_cov_normal,24,0.020633333333333333
10,pairwise_cov_normal,25,0.06199
10,pairwise_cov_normal,26,0.12921333333333335
10,pairwise_cov_normal,27,0.19759
10,pairwise_cov_normal,28,0.21684666666666666
10,pairwise_cov_normal,29,0.17885
10,pairwise_cov_normal,30,0.11019333333333334
10,pairwise_cov_normal,31,0.05186333333333333
10,pairwise_cov_normal,32,0.026626666666666667
11,pairwise_cov_normal,0,0.0
11,pairwise_cov_normal,1,0.0
11,pairwise_cov_normal,2,0.0
11,pairwise_cov_normal,3,0.0
11,pairwise_cov_normal,4,0.0
11,pairwise_cov_normal,5,0.0
11,pairwise_cov_normal,6,0.0
11,pairwise_cov_normal,7,0.0
11,pairwise_cov_normal,8,0.0
11,pairwise_cov_normal,9,0.0
11,pairwise_cov_normal,10,0.0
11,pairwise_cov_normal,11,0.0
11,pairwise_cov_normal,12,0.0
11,pairwise_cov_normal,13,0.0
11,pairwise_cov_normal,14,0.0
11,pairwise_cov_normal,15,0.0
11,pairwise_cov_normal,16,0.0
11,pairwise_cov_normal,17,0.0
11,pairwise_cov_normal,18,0.0
11,pairwise_cov_normal,19,4.3333333333333334e-05
11,pairwise_cov_normal,20,0.00027
11,pairwise_cov_normal,21,0.00162
11,pairwise_cov_normal,22,0.006286666666666667
11,pairwise_cov_normal,23,0.020696666666666665
11,pairwise_cov_normal,24,0.05291333333333333
11,pairwise_cov_normal,25,0.10364333333333334
11,pairwise_cov_normal,26,0.16076333333333334
11,pairwise_cov_normal,27,0.19461666666666666
11,pairwise_cov_normal,28,0.18633666666666668
11,pairwise_cov_normal,29,0.13669
11,pairwise_cov_normal,30,0.08140333333333333
11,pairwise_cov_normal,31,0.03718
11,pairwise_cov_normal,32,0.017536666666666666
12,pairwise_cov_normal,0,0.0
12,pairwise_cov_normal,1,0.0
12,pairwise_cov_normal,2,0.0
12,pairwise_cov_normal,3,0.0
12,pairwise_cov_normal,4,0.0
12,pairwise_cov_normal,5,0.0
12,pairwise_cov_normal,6,0.0
12,pairwise_cov_normal,7,0.0
12,pairwise_cov_normal,8,0.0
12,pairwise_cov_normal,9,0.0
12,pairwise_cov_normal,10,0.0
12,pairwise_cov_normal,11,0.0
12,pairwise_cov_normal,12,0.0
12,pairwise_cov_normal,13,0.0
12,pairwise_cov_normal,14,0.0
12,pairwise_cov_normal,15,6.666666666666667e-05
12,pairwise_cov_normal,16,0.0010366666666666666
12,pairwise_cov_normal,17,0.006486666666666667
12,pairwise_cov_normal,18,0.022003333333333333
12,pairwise_cov_normal,19,0.047356666666666665
12,pairwise_cov_normal,20,0.07944666666666667
12,pairwise_cov_normal,21,0.11748666666666667
12,pairwise_cov_normal,22,0.14547333333333334
12,pairwise_cov_normal,23,0.15635333333333334
12,pairwise_cov_normal,24,0.14635
12,pairwise_cov_normal,25,0.11482333333333333
12,pairwise_cov_normal,26,0.07867666666666667
12,pairwise_cov_normal,27,0.04608
12,pairwise_cov_normal,28,0.022883333333333332
12,pairwise_cov_normal,29,0.010213333333333333
12,pairwise_cov_normal,30,0.00368
12,pairwise_cov_normal,31,0.0012
12,pairwise_cov_normal,32,0.00038333333333333334
13,pairwise_cov_normal,0,0.0
13,pairwise_cov_normal,1,0.0
13,pairwise_cov_normal,2,0.0
13,pairwise_cov_normal,3,0.0
13,pairwise_cov_normal,4,0.0
13,pairwise_cov_normal,5,0.0
13,pairwise_cov_normal,6,0.0
13,pairwise_cov_normal,7,0.0
13,pairwise_cov_normal,8,0.0
13,pairwise_cov_normal,9,0.0
13,pairwise_cov_normal,10,0.0
13,pairwise_cov_normal,11,0.0
13,pairwise_cov_normal,12,0.0
13,pairwise_cov_normal,13,0.0
13,pairwise_cov_normal,14,0.0
13,pairwise_cov_normal,15,0.0
13,pairwise_cov_normal,16,9.333333333333333e-05
13,pairwise_cov_normal,17,0.0010566666666666667
13,pairwise_cov_normal,18,0.00562
13,pairwise_cov_normal,19,0.020943333333333335
13,pairwise_cov_normal,20,0.05270333333333333
13,pairwise_cov_normal,21,0.10215666666666667
13,pairwise_cov_normal,22,0.15168666666666666
13,pairwise_cov_normal,23,0.18003666666666668
13,pairwise_cov_normal,24,0.1719
13,pairwise_cov_normal,25,0.13506
13,pairwise_cov_normal,26,0.08994
13,pairwise_cov_normal,27,0.04981
13,pairwise_cov_normal,28,0.023983333333333332
13,pairwise_cov_normal,29,0.009883333333333333
13,pairwise_cov_normal,30,0.0037766666666666665
13,pairwise_cov_normal,31,0.0010166666666666666
13,pairwise_cov_normal,32,0.0003333333333333333
14,pairwise_cov_normal,0,0.0
14,pairwise_cov_normal,1,0.0
14,pairwise_cov_normal,2,0.0
14,pairwise_cov_normal,3,0.0
14,pairwise_cov_normal,4,0.0
14,pairwise_cov_normal,5,0.0
14,pairwise_cov_normal,6,0.0
14,pairwise_cov_normal,7,0.0
14,pairwise_cov_normal,8,0.0
14,pairwise_cov_normal,9,6.666666666666667e-05
14,pairwise_cov_normal,10,0.00211
14,pairwise_cov_normal,11,0.018466666666666666
14,pairwise_cov_normal,12,0.06227333333333333
14,pairwise_cov_normal,13,0.11675666666666666
14,pairwise_cov_normal,14,0.15457333333333334
14,pairwise_cov_normal,15,0.16576
14,pairwise_cov_normal,16,0.15554333333333334
14,pairwise_cov_normal,17,0.12566666666666668
14,pairwise_cov_normal,18,0.08854333333333334
14,pairwise_cov_normal,19,0.055233333333333336
14,pairwise_cov_normal,20,0.030396666666666666
14,pairwise_cov_normal,21,0.014666666666666666
14,pairwise_cov_normal,22,0.006316666666666667
14,pairwise_cov_normal,23,0.00246
14,pairwise_cov_normal,24,0.0008366666666666667
14,pairwise_cov_normal,25,0.00025666666666666665
14,pairwise_cov_normal,26,6e-05
14,pairwise_cov_normal,27,1.3333333333333333e-05
14,pairwise_cov_normal,28,0.0
14,pairwise_cov_normal,29,0.0
14,pairwise_cov_normal,30,0.0
14,pairwise_cov_normal,31,0.0
14,pairwise_cov_normal,32,0.0
15,pairwise_cov_normal,0,0.0
15,pairwise_cov_normal,1,0.0
15,pairwise_cov_normal,2,0.0
15,pairwise_cov_normal,3,0.0
15,pairwise_cov_normal,4,0.0
15,pairwise_cov_normal,5,0.0
15,pairwise_cov_normal,6,0.0
15,pairwise_cov_normal,7,0.0
15,pairwise_cov_normal,8,0.0
15,pairwise_cov_normal,9,7.666666666666667e-05
15,pairwise_cov_normal,10,0.004583333333333333
15,pairwise_cov_normal,11,0.04911666666666667
15,pairwise_cov_normal,12,0.15144333333333335
15,pairwise_cov_normal,13,0.22719
15,pairwise_cov_normal,14,0.21707666666666667
15,pairwise_cov_normal,15,0.15809333333333334
15,pairwise_cov_normal,16,0.09719666666666667
15,pairwise_cov_normal,17,0.05241333333333333
15,pairwise_cov_normal,18,0.025533333333333335
15,pairwise_cov_normal,19,0.010876666666666666
15,pairwise_cov_normal,20,0.004343333333333334
15,pairwise_cov_normal,21,0.0014866666666666667
15,pairwise_cov_normal,22,0.00044
15,pairwise_cov_normal,23,0.00011333333333333333
15,pairwise_cov_normal,24,6.666666666666667e-06
15,pairwise_cov_normal,25,6.666666666666667e-06
15,pairwise_cov_normal,26,3.3333333333333333e-06
15,pairwise_cov_normal,27,0.0
15,pairwise_cov_normal,28,0.0
15,pairwise_cov_normal,29,0.0
15,pairwise_cov_normal,30,0.0
15,pairwise_cov_normal,31,0.0
15,pairwise_cov_normal,32,0.0
16,pairwise_cov_normal,0,0.0
16,pairwise_cov_normal,1,0.0
16,pairwise_cov_normal,2,0.0
16,pairwise_cov_normal,3,0.0
16,pairwise_cov_normal,4,0.0
16,pairwise_cov_normal,5,0.0
16,pairwise_cov_normal,6,0.0
16,pairwise_cov_normal,7,0.0
16,pairwise_cov_normal,8,0.0
16,pairwise_cov_normal,9,3.3333333333333335e-05
16,pairwise_cov_normal,10,0.0022066666666666667
16,pairwise_cov_normal,11,0.02116
16,pairwise_cov_normal,12,0.06956
16,pairwise_cov_normal,13,0.12339666666666667
16,pairwise_cov_normal,14,0.15209666666666666
16,pairwise_cov_normal,15,0.15697333333333333
16,pairwise_cov_normal,16,0.14484666666666668
16,pairwise_cov_normal,17,0.12060333333333334
16,pairwise_cov_normal,18,0.08750666666666666
16,pairwise_cov_normal,19,0.05818
16,pairwise_cov_normal,20,0.03394
16,pairwise_cov_normal,21,0.017023333333333335
16,pairwise_cov_normal,22,0.0077866666666666666
16,pairwise_cov_normal,23,0.0030566666666666667
16,pairwise_cov_normal,24,0.00115
16,pairwise_cov_normal,25,0.00034
16,pairwise_cov_normal,26,0.00010666666666666667
16,pairwise_cov_normal,27,3.3333333333333335e-05
16,pairwise_cov_normal,28,0.0
16,pairwise_cov_normal,29,0.0
16,pairwise_cov_normal,30,0.0
16,pairwise_cov_normal,31,0.0
16,pairwise_cov_normal,32,0.0
17,pairwise_cov_normal,0,0.0
17,pairwise_cov_normal,1,0.0
17,pairwise_cov_normal,2,0.0
17,pairwise_cov_normal,3,0.0
17,pairwise_cov_normal,4,0.0
17,pairwise_cov_normal,5,0.0
17,pairwise_cov_normal,6,0.0
17,pairwise_cov_normal,7,0.0
17,pairwise_cov_normal,8,0.0
17,pairwise_cov_normal,9,0.0
17,pairwise_cov_normal,10,0.0
17,pairwise_cov_normal,11,0.0
17,pairwise_cov_normal,12,0.0
17,pairwise_cov_normal,13,1.6666666666666667e-05
17,pairwise_cov_normal,14,0.00038333333333333334
17,pairwise_cov_normal,15,0.0028466666666666666
17,pairwise_cov_normal,16,0.009293333333333334
17,pairwise_cov_normal,17,0.02156
17,pairwise_cov_normal,18,0.0443
17,pairwise_cov_normal,19,0.07574333333333333
17,pairwise_cov_normal,20,0.11166666666666666
17,pairwise_cov_normal,21,0.14252333333333334
17,pairwise_cov_normal,22,0.15466
17,pairwise_cov_normal,23,0.14505
17,pairwise_cov_normal,24,0.11645333333333334
17,pairwise_cov_normal,25,0.08207333333333333
17,pairwise_cov_normal,26,0.04928
17,pairwise_cov_normal,27,0.025863333333333332
17,pairwise_cov_normal,28,0.011653333333333333
17,pairwise_cov_normal,29,0.004416666666666667
17,pairwise_cov_normal,30,0.0016033333333333333
17,pairwise_cov_normal,31,0.0004766666666666667
17,pairwise_cov_normal,32,0.00013666666666666666
18,pairwise_cov_normal,0,0.0
18,pairwise_cov_normal,1,0.0
18,pairwise_cov_normal,2,0.0
18,pairwise_cov_normal,3,0.0
18,pairwise_cov_normal,4,0.0
18,pairwise_cov_normal,5,0.0
18,pairwise_cov_normal,6,0.0
18,pairwise_cov_normal,7,0.0
18,pairwise_cov_normal,8,0.0
18,pairwise_cov_normal,9,2.6666666666666667e-05
18,pairwise_cov_normal,10,0.00326
18,pairwise_cov_normal,11,0.03879666666666667
18,pairwise_cov_normal,12,0.13217
18,pairwise_cov_normal,13,0.21367666666666665
18,pairwise_cov_normal,14,0.21664333333333333
18,pairwise_cov_normal,15,0.16802666666666666
18,pairwise_cov_normal,16,0.10973666666666666
18,pairwise_cov_normal,17,0.06252
18,pairwise_cov_normal,18,0.03215666666666667
18,pairwise_cov_normal,19,0.01415
18,pairwise_cov_normal,20,0.00589
18,pairwise_cov_normal,21,0.00201
18,pairwise_cov_normal,22,0.00066
18,pairwise_cov_normal,23,0.00021333333333333333
18,pairwise_cov_normal,24,4.6666666666666665e-05
18,pairwise_cov_normal,25,1.3333333333333333e-05
18,pairwise_cov_normal,26,3.3333333333333333e-06
18,pairwise_cov_normal,27,0.0
18,pairwise_cov_normal,28,0.0
18,pairwise_cov_normal,29,0.0
18,pairwise_cov_normal,30,0.0
18,pairwise_cov_normal,31,0.0
18,pairwise_cov_normal,32,0.0
19,pairwise_cov_normal,0,0.0
19,pairwise_cov_normal,1,0.0
19,pairwise_cov_normal,2,0.0
19,pairwise_cov_normal,3,0.0
19,pairwise_cov_normal,4,0.0
19,pairwise_cov_normal,5,0.0
19,pairwise_cov_normal,6,0.0
19,pairwise_cov_normal,7,0.0
19,pairwise_cov_normal,8,0.0
19,pairwise_cov_normal,9,0.0
19,pairwise_cov_normal,10,0.0
19,pairwise_cov_normal,11,0.0
19,pairwise_cov_normal,12,0.0
19,pairwise_cov_normal,13,3e-05
19,pairwise_cov_normal,14,0.00021666666666666666
19,pairwise_cov_normal,15,0.00129
19,pairwise_cov_normal,16,0.003926666666666667
19,pairwise_cov_normal,17,0.010613333333333334
19,pairwise_cov_normal,18,0.025453333333333335
19,pairwise_cov_normal,19,0.04854
19,pairwise_cov_normal,20,0.08239666666666666
19,pairwise_cov_normal,21,0.11856333333333334
19,pairwise_cov_normal,22,0.14561333333333334
19,pairwise_cov_normal,23,0.15532
19,pairwise_cov_normal,24,0.14143666666666665
19,pairwise_cov_normal,25,0.11182666666666667
19,pairwise_cov_normal,26,0.0751
19,pairwise_cov_normal,27,0.044026666666666665
19,pairwise_cov_normal,28,0.02139
19,pairwise_cov_normal,29,0.00939
19,pairwise_cov_normal,30,0.0034233333333333333
19,pairwise_cov_normal,31,0.0011133333333333334
19,pairwise_cov_normal,32,0.00033
20,pairwise_cov_normal,0,0.0
20,pairwise_cov_normal,1,0.0
20,pairwise_cov_normal,2,0.0
20,pairwise_cov_normal,3,0.0
20,pairwise_cov_normal,4,0.0
20,pairwise_cov_normal,5,0.0
20,pairwise_cov_normal,6,0.0
20,pairwise_cov_normal,7,0.0
20,pairwise_cov_normal,8,0.0
20,pairwise_cov_normal,9,0.00023333333333333333
20,pairwise_cov_normal,10,0.004396666666666667
20,pairwise_cov_normal,11,0.029133333333333334
20,pairwise_cov_normal,12,0.0893
20,pairwise_cov_normal,13,0.15553333333333333
20,pairwise_cov_normal,14,0.18634666666666666
20,pairwise_cov_normal,15,0.17548666666666668
20,pairwise_cov_normal,16,0.14117333333333335
20,pairwise_cov_normal,17,0.09791666666666667
20,pairwise_cov_normal,18,0.06017666666666667
20,pairwise_cov_normal,19,0.033093333333333336
20,pairwise_cov_normal,20,0.016183333333333334
20,pairwise_cov_normal,21,0.00702
20,pairwise_cov_normal,22,0.0027933333333333334
20,pairwise_cov_normal,23,0.00082
20,pairwise_cov_normal,24,0.00029
20,pairwise_cov_normal,25,8e-05
20,pairwise_cov_normal,26,2e-05
20,pairwise_cov_normal,27,3.3333333333333333e-06
20,pairwise_cov_normal,28,0.0
20,pairwise_cov_normal,29,0.0
20,pairwise_cov_normal,30,0.0
20,pairwise_cov_normal,31,0.0
20,pairwise_cov_normal,32,0.0
21,pairwise_cov_normal,0,0.0
21,pairwise_cov_normal,1,0.0
21,pairwise_cov_normal,2,0.0
21,pairwise_cov_normal,3,0.0
21,pairwise_cov_normal,4,0.0
21,pairwise_cov_normal,5,0.0
21,pairwise_cov_normal,6,0.0
21,pairwise_cov_normal,7,0.0
21,pairwise_cov_normal,8,0.0
21,pairwise_cov_normal,9,0.0
21,pairwise_cov_normal,10,0.0
21,pairwise_cov_normal,11,0.0
21,pairwise_cov_normal,12,0.0
21,pairwise_cov_normal,13,0.0
21,pairwise_cov_normal,14,3.3333333333333333e-06
21,pairwise_cov_normal,15,3.3333333333333333e-06
21,pairwise_cov_normal,16,0.00011333333333333333
21,pairwise_cov_normal,17,0.0006066666666666667
21,pairwise_cov_normal,18,0.00264
21,pairwise_cov_normal,19,0.008133333333333333
21,pairwise_cov_normal,20,0.021876666666666666
21,pairwise_cov_normal,21,0.04547333333333333
21,pairwise_cov_normal,22,0.08316
21,pairwise_cov_normal,23,0.12497333333333334
21,pairwise_cov_normal,24,0.15778
21,pairwise_cov_normal,25,0.16776333333333332
21,pairwise_cov_normal,26,0.14917666666666668
21,pairwise_cov_normal,27,0.11038333333333333
21,pairwise_cov_normal,28,0.06886333333333333
21,pairwise_cov_normal,29,0.035616666666666665
21,pairwise_cov_normal,30,0.015623333333333333
21,pairwise_cov_normal,31,0.00553
21,pairwise_cov_normal,32,0.00228
22,pairwise_cov_normal,0,0.0
22,pairwise_cov_normal,1,0.0
22,pairwise_cov_normal,2,0.0
22,pairwise_cov_normal,3,0.0
22,pairwise_cov_normal,4,0.0
22,pairwise_cov_normal,5,0.0
22,pairwise_cov_normal,6,0.0
22,pairwise_cov_normal,7,0.0
22,pairwise_cov_normal,8,0.0
22,pairwise_cov_normal,9,0.0
22,pairwise_cov_normal,10,0.0
22,pairwise_cov_normal,11,0.0
22,pairwise_cov_normal,12,0.0
22,pairwise_cov_normal,13,0.0
22,pairwise_cov_normal,14,0.0
22,pairwise_cov_normal,15,0.0
22,pairwise_cov_normal,16,0.0
22,pairwise_cov_normal,17,3.3333333333333333e-06
22,pairwise_cov_normal,18,2e-05
22,pairwise_cov_normal,19,0.00010666666666666667
22,pairwise_cov_normal,20,0.0006066666666666667
22,pairwise_cov_normal,21,0.002596666666666667
22,pairwise_cov_normal,22,0.009846666666666667
22,pairwise_cov_normal,23,0.02874
22,pairwise_cov_normal,24,0.0656
22,pairwise_cov_normal,25,0.11898333333333333
22,pairwise_cov_normal,26,0.16894333333333333
22,pairwise_cov_normal,27,0.19362666666666667
22,pairwise_cov_normal,28,0.17399333333333333
22,pairwise_cov_normal,29,0.12307333333333334
22,pairwise_cov_normal,30,0.06877666666666667
22,pairwise_cov_normal,31,0.030596666666666668
22,pairwise_cov_normal,32,0.014486666666666667
23,pairwise_cov_normal,0,0.0
23,pairwise_cov_normal,1,0.0
23,pairwise_cov_normal,2,0.0
23,pairwise_cov_normal,3,0.0
23,pairwise_cov_normal,4,0.0
23,pairwise_cov_normal,5,0.0
23,pairwise_cov_normal,6,0.0
23,pairwise_cov_normal,7,0.0
23,pairwise_cov_normal,8,0.0
23,pairwise_cov_normal,9,0.0
23,pairwise_cov_normal,10,0.0
23,pairwise_cov_normal,11,0.0
23,pairwise_cov_normal,12,0.0
23,pairwise_cov_normal,13,0.0
23,pairwise_cov_normal,14,0.0
23,pairwise_cov_normal,15,0.0
23,pairwise_cov_normal,16,0.0
23,pairwise_cov_normal,17,0.0
23,pairwise_cov_normal,18,0.0
23,pairwise_cov_normal,19,1.3333333333333333e-05
23,pairwise_cov_normal,20,0.00018333333333333334
23,pairwise_cov_normal,21,0.0009866666666666667
23,pairwise_cov_normal,22,0.004426666666666666
23,pairwise_cov_normal,23,0.016053333333333333
23,pairwise_cov_normal,24,0.0427
23,pairwise_cov_normal,25,0.09288
23,pairwise_cov_normal,26,0.15018666666666666
23,pairwise_cov_normal,27,0.19454333333333335
23,pairwise_cov_normal,28,0.19373666666666667
23,pairwise_cov_normal,29,0.14910333333333334
23,pairwise_cov_normal,30,0.09131333333333333
23,pairwise_cov_normal,31,0.04247
23,pairwise_cov_normal,32,0.021403333333333333
