bs,layer,num_cont_batch_samples,tvd,mape_percent,wape_percent,pred_expected_x,cont_expected_x,pred_p95,cont_p95,pred_spike_prob,cont_spike_prob
2,0,20000,0.019928277934803854,3.9791248154058474,3.9856555869607706,1.4950201803319048,1.4754,2,2,0.49517422913335435,0.4754
2,1,20000,0.035250367156115556,7.039029974772768,7.050073431223111,1.5237146563419333,1.48875,2,2,0.5238575117490244,0.48875
2,2,20000,0.0015254578702183226,0.3886998138803934,0.3050915740436645,1.7376066294115189,1.7362,2,2,0.7376660436408686,0.7362
2,3,20000,0.04115286873322763,10.684851355591524,8.230573746645526,1.780811184354959,1.73975,2,2,0.7808570265440933,0.73975
2,4,20000,0.0841639113298018,22.0641879162181,16.83278226596036,1.8276040386731236,1.7435,2,2,0.8276339750014627,0.7435
2,5,20000,0.0007991630669221889,0.24922161448528696,0.15983261338443777,1.808314458334583,1.80915,2,2,0.8083508369330779,0.80915
2,6,20000,0.03168810713156421,6.535006804710488,6.337621426312842,1.6202755527095092,1.5888,2,2,0.6203818299205367,0.5888
2,7,20000,0.04080382097454936,8.44476824600078,8.160764194909872,1.6336035469905754,1.593,2,2,0.6337036839825624,0.593
2,8,20000,0.025722443604970828,5.35281454088221,5.144488720994166,1.6261130339710248,1.6006,2,2,0.6262177387879978,0.6006
2,9,20000,0.044047534156085755,15.110939840218956,8.809506831217151,1.8669080141706602,1.8229,2,2,0.866927774163373,0.8229
2,10,20000,0.023360742758153218,18.855077260285846,4.672148551630643,1.9570053817634963,1.9336499999999999,2,2,0.9570080622608247,0.93365
2,11,20000,0.005509090393346088,2.8809508295499002,1.1018180786692175,1.8984353359654123,1.8929500000000001,2,2,0.8984472131793791,0.89295
2,12,20000,0.04119318718038353,13.585351073983903,8.238637436076706,1.854844962262944,1.8136999999999999,2,2,0.8548690747216637,0.8137
2,13,20000,0.013818855124358317,7.473560165318653,2.763771024871663,1.8832144283491064,1.8970500000000001,2,2,0.8832311448756417,0.89705
2,14,20000,0.07988123845003386,16.423513074774093,15.976247690006772,1.6629016652297945,1.5832000000000002,2,2,0.6629914518399143,0.5832
2,15,20000,0.046025769505613406,9.453560797888416,9.205153901122682,1.6282685027594501,1.5824500000000001,2,2,0.6283721361325317,0.58245
2,16,20000,0.08591942729803712,17.616130136095613,17.183885459607424,1.6647407005467474,1.579,2,2,0.6648300639223922,0.579
2,17,20000,0.06711881056529542,17.69019624469365,13.423762113059084,1.8126476182939617,1.7456,2,2,0.8126832144296285,0.7456
2,18,20000,0.06168460763365623,12.512984883652884,12.336921526731246,1.6223236299321462,1.5608499999999998,2,2,0.6224291187829012,0.56085
2,19,20000,0.008990933945480336,2.4618754319212055,1.7981867890960672,1.7689468087681504,1.7600500000000001,2,2,0.7689938713568154,0.76005
2,20,20000,0.1098982401492011,22.10505648870142,21.97964802984022,1.648658801108199,1.53895,2,2,0.6487535206287001,0.53895
2,21,20000,0.07396329082068893,21.493586043084044,14.792658164137787,1.853118036221234,1.7792,2,2,0.8531406635209615,0.7792
2,22,20000,0.08847375971673035,25.8159156546412,17.69475194334607,1.868889562865356,1.7804499999999999,2,2,0.8689066612910432,0.78045
2,23,20000,0.15646833646021624,47.38134734517173,31.29366729204325,1.947811196096233,1.79135,2,2,0.9478147662782246,0.79135
4,0,20000,0.031780726128407655,43.87660012214652,6.356145225681531,2.3668828436010068,2.37695,3,3,0.03165205275498086,0.0299
4,1,20000,0.04016459326283198,63.669607730211474,8.032918652566396,2.4266204387910313,2.4217500000000003,3,3,0.04039237811977849,0.0369
4,2,20000,0.03209775270681137,1593.620084250804,6.419550541362275,2.996761696847441,3.01775,4,4,0.2230934035928196,0.21595
4,3,20000,0.02510058884558386,5.41427608060295,5.020117769116772,3.0966953687871897,3.0712499999999996,4,4,0.2644598804116067,0.24105
4,4,20000,0.0702016001290542,19.532338808789586,14.040320025810841,3.2816427174450697,3.164,4,4,0.38534833607496083,0.31595
4,5,20000,0.022511364101616617,7.386504333963527,4.5022728203233235,3.1993072211114706,3.21675,4,4,0.3257508491423034,0.32265
4,6,20000,0.03707000436204593,159.40255597849185,7.414000872409186,2.627127437313439,2.60585,4,4,0.07446544565551029,0.07105
4,7,20000,0.031069867351100487,229.9069889990838,6.213973470220098,2.6777073956116455,2.6554,4,4,0.09341294545095886,0.0842
4,8,20000,0.03239459236272774,300.28086797708573,6.478918472545548,2.6279739015335295,2.6118,4,4,0.0720020070966153,0.06925
4,9,20000,0.08436260537747829,17.75910795857954,16.87252107549566,3.398944492309587,3.3009,4,4,0.46513385385839695,0.3811
4,10,20000,0.05027053830971061,20.681227353398288,10.05410766194212,3.7589901631879634,3.7042,4,4,0.7663612170279959,0.7161
4,11,20000,0.01586100829302385,13.651647694581712,3.17220165860477,3.5395242555640376,3.54495,4,4,0.5791875742143631,0.5739
4,12,20000,0.04607886509065257,8.94573384663953,9.215773018130514,3.311169090695161,3.2605500000000003,4,4,0.3937264973939977,0.34805
4,13,20000,0.020630599831819814,17.559689990043594,4.126119966363963,3.4168771962161464,3.4316500000000003,4,4,0.47102928308868236,0.468
4,14,20000,0.05933503938740448,163.09481346745358,11.867007877480896,2.734903797644545,2.6738500000000003,4,4,0.1057159015218318,0.0917
4,15,20000,0.03776744372505272,343.1924136003742,7.553488745010544,2.6379337230601045,2.61245,4,4,0.07521989764945831,0.0686
4,16,20000,0.08378846688770177,84.45547818999341,16.757693377540352,2.7341373386695134,2.6439000000000004,4,4,0.10390957334940412,0.08715
4,17,20000,0.03815660776630454,11.49037039502279,7.631321553260909,3.1976914310433333,3.1323,4,4,0.32623617384917075,0.29705
4,18,20000,0.038834826698746154,267.71847072737364,7.76696533974923,2.632039919778899,2.60845,4,4,0.07556694944970781,0.07085
4,19,20000,0.01623628030075607,1067.4349696749587,3.2472560601512144,3.1260170702170833,3.13,4,4,0.3013416982406359,0.29415
4,20,20000,0.0791447121260597,26.124554752905542,15.82894242521194,2.7097327546711254,2.6248,4,4,0.09774079672214878,0.0856
4,21,20000,0.04571375722777816,68.04285786375438,9.142751445555632,3.374152666749396,3.2969999999999997,4,4,0.45006007874154064,0.41795
4,22,20000,0.03631073512387478,79.17340047198819,7.262147024774956,3.4865121568853694,3.41595,4,4,0.5440896018685455,0.50805
4,23,20000,0.1801108648594117,60.744997737418124,36.02217297188234,3.737720364686906,3.49055,4,4,0.7475608648466655,0.56745
8,0,20000,0.019671371267983923,21.927070957179577,3.9342742535967847,3.8453638970809747,3.858599999999999,5,5,0.00016534132958700992,0.0002
8,1,20000,0.024952196985790924,63.098634033886704,4.990439397158186,3.988288578191897,3.9990999999999994,6,5,0.00037488585725298267,0.0002
8,2,20000,0.03447441835804909,60.81076254531984,6.894883671609818,5.44671810380592,5.509499999999999,7,7,0.028359042070577496,0.0307
8,3,20000,0.04280219951838264,321.2282442605582,8.560439903676528,5.606240692867674,5.597900000000001,7,7,0.02730496418542348,0.0259
8,4,20000,0.08461057469304367,23.96536888738963,16.922114938608736,6.136497509648889,5.96905,8,8,0.08404605237675106,0.07855
8,5,20000,0.018295459026590064,324.1397104960641,3.659091805318013,5.861042783728456,5.888749999999999,7,7,0.04392442792289803,0.0436
8,6,20000,0.024895750169534825,431.1095592680467,4.979150033906966,4.414929875339016,4.3983,6,6,0.0010188207866119734,0.00135
8,7,20000,0.04193339563603887,335.37317837347223,8.386679127207774,4.586066328619388,4.5934,6,6,0.0030348959292146893,0.003
8,8,20000,0.030469902695496584,384.83230572244315,6.0939805390993165,4.392676785910511,4.3980999999999995,6,6,0.0007556735999256774,0.00075
8,9,20000,0.08673060657059188,19.815917643265795,17.346121314118378,6.406355296244147,6.219850000000001,8,8,0.12683179898359204,0.10965
8,10,20000,0.032431144970222946,21.279638474410355,6.486228994044589,7.25637690390332,7.1968499999999995,8,8,0.4147223056045647,0.3983
8,11,20000,0.011366075459818308,23.56542705164062,2.2732150919636616,6.866580949755006,6.8797,8,8,0.28122806362625047,0.27935
8,12,20000,0.04557228810392256,211.29273810566968,9.114457620784513,6.118999700292347,6.057149999999999,8,8,0.07875895190740277,0.07485
8,13,20000,0.017310399272722432,13.891138433832081,3.4620798545444864,6.355182610087927,6.34735,8,8,0.10347411591541725,0.10055
8,14,20000,0.04579072766341349,365.73137749715767,9.158145532682699,4.687956776564848,4.621099999999999,6,6,0.0029927919624712653,0.00245
8,15,20000,0.045658657400889584,243.26131518876508,9.131731480177917,4.423642895509568,4.42495,6,6,0.0009226403599420517,0.00095
8,16,20000,0.06355216093441592,171.766832778914,12.710432186883184,4.673251196519623,4.57115,6,6,0.002976111359996203,0.0027
8,17,20000,0.05067228692599045,46.286840259239575,10.134457385198091,5.897736878137683,5.81085,8,8,0.05733499245515494,0.0546
8,18,20000,0.04515547278644604,417.73274588966984,9.031094557289208,4.4258013378104675,4.435899999999999,6,6,0.0010486868893112562,0.00135
8,19,20000,0.013508654063996425,50.30664019693799,2.7017308127992847,5.862276678072802,5.89645,8,8,0.06947622704209579,0.0695
8,20,20000,0.07436300766947702,44.93057521816471,14.872601533895406,4.62309744634617,4.49585,6,6,0.0020230198695889707,0.0013
8,21,20000,0.03012252544479598,20.21480113445825,6.024505088959196,6.38955056979292,6.3203000000000005,8,8,0.13672532680870608,0.136
8,22,20000,0.017060985224900224,11.607671684702629,3.412197044980045,6.79168665409518,6.76965,8,8,0.2604439100193386,0.2646
8,23,20000,0.14088377411828087,58.09118282781739,28.176754823656175,7.230350651019512,6.91365,8,8,0.40516222767124294,0.31265
16,0,20000,0.018595611523796362,57.73853245899087,3.7191223047592725,6.562476843827044,6.57765,9,9,9.490875418904934e-09,0.0
16,1,20000,0.029435933840149434,45.122344021144315,5.887186768029887,6.9001776789349,6.954549999999999,9,9,8.616495239532907e-08,0.0
16,2,20000,0.030712906779426164,84.10209708882905,6.142581355885233,10.391236993817177,10.485899999999999,13,13,0.0007332137818908414,0.00095
16,3,20000,0.04687424306241686,40.557483319765886,9.37484861248337,10.519895644172863,10.487,13,13,0.00034880963806260845,0.00045
16,4,20000,0.07089483537366573,23.359965981709895,14.178967074733146,11.826953029658206,11.590000000000002,14,14,0.004897032031941478,0.00565
16,5,20000,0.015985922882609315,30.165347292633342,3.197184576521863,11.062695703086018,11.1006,14,14,0.0009422837485795208,0.0008
16,6,20000,0.027044749797929077,32.59851622119863,5.408949959585815,7.7292321812476805,7.6857,10,10,4.605370169663559e-07,0.0
16,7,20000,0.03320816938416527,22.57918686800998,6.641633876833055,8.272813786821319,8.281600000000001,11,11,7.541639186370308e-06,0.0
16,8,20000,0.024359726913872407,18.41635506123223,4.871945382774482,7.625789394330619,7.62755,10,10,1.4588544372529134e-07,0.0
16,9,20000,0.09136404031800731,70.33619874036916,18.272808063601463,12.39078962282155,12.101500000000001,15,15,0.010271306378533249,0.0099
16,10,20000,0.020368935069670205,25.048372743798776,4.073787013934041,14.163842538307899,14.10265,16,16,0.11247099437769516,0.1116
16,11,20000,0.01010113539009865,24.40408825523699,2.02022707801973,13.648396564996506,13.6627,16,16,0.07811273264043453,0.0777
16,12,20000,0.03228572004803183,131.6275329481933,6.457144009606367,11.728075822978134,11.65895,14,14,0.005138245200160043,0.0052
16,13,20000,0.015703794562937388,43.00635596006527,3.1407589125874775,12.119065975363387,12.093149999999998,14,14,0.005433166206784143,0.00515
16,14,20000,0.04702020544942273,12.971828674427902,9.404041089884545,8.412341090144649,8.286750000000001,11,11,5.165924041539157e-06,0.0
16,15,20000,0.03729435297189226,38.998211888128814,7.4588705943784515,7.710110680234607,7.7332,10,10,3.4324247588646305e-07,0.0
16,16,20000,0.059476012910768344,14.12141969771554,11.895202582153669,8.361061137871681,8.22865,11,11,6.647126384984336e-06,0.0
16,17,20000,0.0363857979137029,24.252806911897434,7.27715958274058,11.31151965189442,11.1975,14,14,0.002599987600160448,0.0027
16,18,20000,0.03898811003101244,38.17574479286724,7.797622006202489,7.750205926118568,7.7934,10,10,4.852633651575296e-07,0.0
16,19,20000,0.008870365951769713,46.46039854081735,1.7740731903539426,11.488233161682517,11.5157,14,14,0.004755350128738293,0.00445
16,20,20000,0.06076294875067389,23.775242029109457,12.152589750134778,8.207049830710629,8.03725,11,11,1.9633024986864815e-06,0.0
16,21,20000,0.014915493930809279,22.044959987722457,2.9830987861618556,12.490599770393137,12.418600000000001,15,15,0.017160799680027736,0.01585
16,22,20000,0.009979765728956478,9.549438837276936,1.9959531457912956,13.52104940028794,13.5089,16,16,0.0674148904072272,0.0702
16,23,20000,0.1193542107243509,57.07958281373233,23.87084214487018,14.13761337768164,13.765699999999999,16,16,0.1067535414668063,0.0885
32,0,20000,0.01736387017708479,44.21812254979592,3.472774035416958,11.733799872454167,11.76545,15,15,1.1102230246251578e-16,0.0
32,1,20000,0.032812519168563155,80.16535133463614,6.562503833712631,12.570137816771233,12.60735,16,16,6.99440505513849e-15,0.0
32,2,20000,0.021314900077263478,36.846285796157105,4.262980015452697,20.454843438063875,20.5684,25,25,5.35889900676878e-07,0.0
32,3,20000,0.05360383722152519,44.95300327083561,10.720767444305038,20.236156181168077,20.077150000000003,24,24,6.210889580415822e-08,0.0
32,4,20000,0.04874407691911573,27.22994717647953,9.748815383823146,23.192367368816345,22.93255,27,27,2.1448133636803353e-05,0.0
32,5,20000,0.015532142578223433,21.77706745628816,3.1064285156446867,21.34822639264057,21.417299999999997,25,25,5.39415215716766e-07,0.0
32,6,20000,0.025431905880262562,7.495022978916379,5.086381176052512,14.10357904510217,14.0367,18,18,1.8229862064345075e-13,0.0
32,7,20000,0.024898578322799247,42.101605456454756,4.9797156645598495,15.684657996248085,15.70865,20,20,5.638856048761911e-11,0.0
32,8,20000,0.025845353358470474,50.7307096376999,5.169070671694095,13.760894817250621,13.72475,17,17,8.437694987151199e-15,0.0
32,9,20000,0.0695867091199894,28.918424536162558,13.917341823997884,24.300399634385855,23.9539,28,28,8.452529223990097e-05,0.00015
32,10,20000,0.011793496427986654,18.88987327291806,2.3586992855973308,27.936764862411522,27.91095,31,31,0.009922304642961866,0.0104
32,11,20000,0.009021797350926505,4.063023004759147,1.804359470185301,27.286380544810694,27.2814,30,30,0.00610133055944318,0.0068
32,12,20000,0.016872399198561108,47.887887823542755,3.3744798397122215,23.091452402283892,23.045050000000003,27,27,2.6170046237172807e-05,0.0
32,13,20000,0.01722732556608301,26.249492605097043,3.445465113216602,23.533909614784534,23.45905,27,27,2.043217689029489e-05,0.0
32,14,20000,0.051172339210496465,18.38429700577268,10.234467842099292,15.764559093863323,15.5519,20,20,2.3665402970607387e-11,0.0
32,15,20000,0.03266601677325329,222.00379491746304,6.533203354650658,13.985248722764386,14.057,17,17,1.0103029524088941e-13,0.0
32,16,20000,0.03566839841455245,15.742831253598446,7.133679682910491,15.686537380182518,15.5741,20,20,4.374400841555829e-11,0.0
32,17,20000,0.021855848434881645,13.323499304431818,4.371169686976329,22.218500589560655,22.1412,26,26,6.542621985738965e-06,0.0
32,18,20000,0.03735775874826853,126.87434700413792,7.471551749653706,14.14356982265402,14.2803,18,18,1.93067783982315e-13,0.0
32,19,20000,0.009255087380437212,7.397443382746921,1.851017476087442,22.910048824077172,22.912450000000003,27,27,2.2612061839733e-05,5e-05
32,20,20000,0.05981174094324325,19.35795027855246,11.96234818864865,15.148439934034466,14.9097,19,19,3.4051650388278205e-12,0.0
32,21,20000,0.00856523351931461,15.731027793237612,1.7130467038629225,24.83481651357076,24.821849999999994,29,29,0.0002937954452624235,0.00035
32,22,20000,0.01446533639552327,7.6615686645943315,2.893067279104654,27.036315334302166,27.0748,30,30,0.004544728432519076,0.0046
32,23,20000,0.09626286193973232,49.5490454582226,19.252572387946465,27.86010586898981,27.4366,31,30,0.007626487039416384,0.00605
64,0,12000,0.020920440611075432,37.289772066473375,4.184088122215087,21.77228026995149,21.799416666666666,27,27,0.0,0.0
64,1,12000,0.023780406290061687,37.1047556648727,4.756081258012338,23.885464677708658,23.918083333333335,30,30,0.0,0.0
64,2,12000,0.020187072656388774,22.681422926396866,4.037414531277754,40.772099711517285,40.78608333333334,47,47,2.868816295631405e-13,0.0
64,3,12000,0.04803810952448683,19.75659463705652,9.607621904897366,39.48160991197906,39.1875,45,45,1.2212453270876728e-15,0.0
64,4,12000,0.02648033596788007,32.902621264145054,5.296067193576014,45.935437998418735,45.7375,52,52,4.567897171625646e-10,0.0
64,5,12000,0.027923824733277546,23.604393021932136,5.584764946655509,41.779130867822225,41.894333333333336,47,47,2.319255898441953e-13,0.0
64,6,12000,0.024459059542116194,10.613607561943962,4.8918119084232385,26.683357819567547,26.536499999999997,32,32,0.0,0.0
64,7,12000,0.01973529202939467,38.3934393808183,3.9470584058789338,30.76343121704181,30.74758333333333,37,37,0.0,0.0
64,8,12000,0.022824380838888297,38.2811954871814,4.564876167777659,25.680089765132053,25.596583333333335,31,31,0.0,0.0
64,9,12000,0.04790387729035788,29.460651681153315,9.580775458071576,48.05771415130929,47.76541666666667,53,53,6.920039208324623e-09,0.0
64,10,12000,0.014177114396806172,11.739705816380324,2.8354228793612344,55.515590740620766,55.503416666666666,60,60,9.43506353752177e-05,0.0
64,11,12000,0.01758148652409698,17.841435198450988,3.516297304819397,54.57258069441126,54.547583333333336,59,59,3.7226234569587284e-05,0.0
64,12,12000,0.012339334649776167,11.176639652130737,2.4678669299552336,46.03590056715796,46.061749999999996,52,52,6.848533962156019e-10,0.0
64,13,12000,0.01873278089321781,13.013558640143572,3.746556178643562,46.266187196270224,46.18991666666667,52,52,3.820386229591576e-10,0.0
64,14,12000,0.04859755475318435,22.539897272637656,9.71951095063687,30.48119548031239,30.19225,36,36,0.0,0.0
64,15,12000,0.04056860393916762,146.78087356391933,8.113720787833525,26.31288907308415,26.473249999999997,32,32,0.0,0.0
64,16,12000,0.027436731870142256,15.576387005957685,5.487346374028451,30.568796313987917,30.500583333333335,37,37,0.0,0.0
64,17,12000,0.019640041310146482,17.78065483498962,3.928008262029296,44.14637723381152,44.07125,50,50,4.278222220932551e-11,0.0
64,18,12000,0.042978955465533125,44.62673648281004,8.595791093106625,26.77709014037856,26.949583333333337,32,32,0.0,0.0
64,19,12000,0.011810463684139686,8.681791242557118,2.3620927368279374,45.81454695613122,45.83875,52,52,5.113053314076414e-10,0.0
64,20,12000,0.04948634455992308,17.375443707305028,9.897268911984616,28.920252145278518,28.63433333333333,35,35,0.0,0.0
64,21,12000,0.013166300655626531,14.100363585921299,2.633260131125306,49.63778033186098,49.63758333333334,55,55,8.631563686023481e-08,0.0
64,22,12000,0.015258231371777384,21.680723850653195,3.051646274355477,54.07258064762501,54.07333333333334,59,59,2.065455652500163e-05,0.0
64,23,12000,0.07448369938935386,35.466377934435194,14.896739877870772,55.2106221609025,54.779833333333336,59,59,4.934814472579166e-05,0.00016666666666666666
128,0,10000,0.020593239845241938,24.07644233791834,4.1186479690483875,41.54575677784305,41.596799999999995,49,49,0.0,0.0
128,1,10000,0.020070787357551245,33.01488309884878,4.014157471510249,46.669595509989946,46.733900000000006,55,55,0.0,0.0
128,2,10000,0.02161675563990438,18.885441242006813,4.323351127980876,81.51672677985472,81.65110000000001,90,91,0.0,0.0
128,3,10000,0.058070755312652225,23.02376589752647,11.614151062530444,77.65844320743882,77.0624,85,85,0.0,0.0
128,4,10000,0.02187847967535405,21.819314500143477,4.37569593507081,91.53940704457065,91.4696,100,100,0.0,0.0
128,5,10000,0.02200462518771852,26.988259117102327,4.400925037543704,82.43558296627953,82.40700000000001,90,90,0.0,0.0
128,6,10000,0.02028481429137231,15.257997432258444,4.056962858274462,51.89580572266871,51.8011,60,60,0.0,0.0
128,7,10000,0.018818632394888325,26.2930276562161,3.763726478977665,61.25584895024063,61.3341,71,71,0.0,0.0
128,8,10000,0.025171987722780786,16.218932003465117,5.034397544556158,49.16410636415863,49.0369,56,56,0.0,0.0
128,9,10000,0.02414244260141881,23.30480464564361,4.828488520283762,95.61269603364933,95.4666,103,104,0.0,0.0
128,10,10000,0.012392172744983306,8.203343058425942,2.478434548996661,110.78898490750214,110.73859999999999,117,117,8.893526581843503e-09,0.0
128,11,10000,0.022186236520696047,14.73138465501361,4.437247304139209,109.14516129032259,109.0584,116,115,1.3857924807680888e-09,0.0
128,12,10000,0.019709895960602773,14.02223479210442,3.9419791921205545,92.04874861586768,91.9748,100,100,0.0,0.0
128,13,10000,0.024017403840366252,22.673866698267776,4.803480768073251,91.70097754379445,91.6606,100,100,0.0,0.0
128,14,10000,0.03215860293096561,25.329845568670557,6.431720586193124,60.02293821221648,59.7338,69,69,0.0,0.0
128,15,10000,0.04182594917686181,66.40541710320456,8.365189835372362,51.0036381181834,51.311600000000006,59,59,0.0,0.0
128,16,10000,0.02265357604762084,15.892410406518199,4.530715209524168,60.77493271023148,60.8205,70,70,0.0,0.0
128,17,10000,0.019003043375837757,13.96468156654337,3.800608675167552,88.15744307267829,88.0719,97,96,0.0,0.0
128,18,10000,0.04510818098025565,79.60209028526693,9.02163619605113,52.11654796932268,52.4298,61,60,0.0,0.0
128,19,10000,0.02039081769488784,17.850395637258146,4.078163538977568,91.62903226429646,91.69460000000001,100,100,0.0,0.0
128,20,10000,0.04398178163770542,17.766415364937988,8.796356327541083,56.593723688923816,56.2833,65,65,0.0,0.0
128,21,10000,0.020036414295303277,25.064118472520086,4.0072828590606555,99.2741948930038,99.2415,107,107,7.438494264988555e-15,0.0
128,22,10000,0.01728231565840621,14.979269325256855,3.456463131681242,108.14516129032256,108.14760000000001,115,115,4.266107467287841e-10,0.0
128,23,10000,0.030718926978747,35.609555283851705,6.1437853957494,109.88039697564749,109.63369999999999,116,116,2.395788567532976e-09,0.0
256,0,8000,0.021624784024133772,17.006321102605934,4.324956804826755,80.99962981247802,81.08675,92,92,0.0,0.0
256,1,8000,0.02338738828687205,27.858982993716936,4.67747765737441,92.59752651866543,92.63924999999999,105,105,0.0,0.0
256,2,8000,0.020841730898045724,14.196651747578715,4.168346179609145,163.03225935234883,163.13875000000002,176,176,0.0,0.0
256,3,8000,0.05637082979988103,24.438538493397356,11.274165959976205,153.5240733988618,152.795875,165,165,0.0,0.0
256,4,8000,0.02178864056127365,13.134563540838856,4.35772811225473,182.94454440932083,183.00025,195,195,0.0,0.0
256,5,8000,0.028091054315688653,16.39079235153433,5.6182108631377305,163.52064838750954,163.686875,175,175,0.0,0.0
256,6,8000,0.03348357312732341,20.81749318668414,6.696714625464684,102.68081354163061,102.537125,115,115,0.0,0.0
256,7,8000,0.03337248554011261,14.237298668306245,6.674497108022521,122.4532297429825,122.4545,136,136,0.0,0.0
256,8,8000,0.027567821543032278,12.509116150988214,5.513564308606456,95.7200444602876,95.59975,106,106,0.0,0.0
256,9,8000,0.025893018990942332,15.855753476601949,5.178603798188466,190.91666991046364,190.8945,202,202,0.0,0.0
256,10,8000,0.026917047796288906,16.437142512981403,5.383409559257781,221.48894528241237,221.45749999999998,230,230,1.1102230246251583e-16,0.0
256,11,8000,0.02354189176994332,17.24238264108495,4.708378353988664,218.2903225806451,218.316,227,227,0.0,0.0
256,12,8000,0.02493927830009071,20.35457694307035,4.987855660018142,184.09677468689074,184.07175,196,196,0.0,0.0
256,13,8000,0.02530053155790935,16.647814735026277,5.06010631158187,182.6720727043974,182.669125,194,194,0.0,0.0
256,14,8000,0.029102140674640536,17.267731055404028,5.8204281349281075,119.34941033830455,119.229625,132,132,0.0,0.0
256,15,8000,0.040216771033048146,35.558568116076614,8.04335420660963,100.80324021214122,100.999625,113,113,0.0,0.0
256,16,8000,0.021122782371464463,21.56260344110055,4.224556474292893,121.48508962699506,121.480125,135,135,0.0,0.0
256,17,8000,0.03224806983619834,15.429438393566612,6.449613967239667,176.29068787257918,176.278875,188,188,0.0,0.0
256,18,8000,0.03525005651283025,36.88026667221009,7.05001130256605,103.05156739129318,103.09812500000001,115,115,0.0,0.0
256,19,8000,0.026523371051971306,20.879741434352255,5.3046742103942615,183.25806451612894,183.305,195,196,0.0,0.0
256,20,8000,0.03210566864458225,26.386123411825977,6.42113372891645,112.34023905319555,112.2765,125,125,0.0,0.0
256,21,8000,0.02339688169342031,18.34463710185599,4.679376338684062,198.54838709678089,198.61987499999998,209,209,0.0,0.0
256,22,8000,0.017016185329256164,14.813772800204225,3.4032370658512328,216.29032258064507,216.3545,226,226,0.0,0.0
256,23,8000,0.024051982950477366,25.835232773398324,4.810396590095474,219.33218390653775,219.14825,228,228,0.0,0.0
512,0,6000,0.038244168432207244,26.443681068151857,7.648833686441449,160.31524480311367,159.93066666666667,177,177,0.0,0.0
512,1,6000,0.036407737524205556,18.11126517752352,7.281547504841111,184.9189882818196,184.88783333333333,203,203,0.0,0.0
512,2,6000,0.03935976450765585,19.93179778844688,7.871952901531171,326.06451612903993,325.9561666666667,344,345,0.0,0.0
512,3,6000,0.06015924062840479,32.4251325914378,12.031848125680957,304.58072087771643,303.5478333333333,320,320,0.0,0.0
512,4,6000,0.03594366503630405,29.634394469066443,7.18873300726081,365.87112605203095,366.07,383,382,0.0,0.0
512,5,6000,0.03613168484557331,19.72173232468482,7.226336969114662,325.6151198107128,325.7656666666667,343,343,0.0,0.0
512,6,6000,0.0410077979454549,21.81328829560404,8.20155958909098,204.78988519650562,204.6825,223,223,0.0,0.0
512,7,6000,0.03531458449374332,18.617085334283015,7.062916898748664,244.90323187220076,245.062,264,264,0.0,0.0
512,8,6000,0.03850403582916807,27.033598355665866,7.700807165833615,188.268927859388,188.16866666666667,203,204,0.0,0.0
512,9,6000,0.033182215783004176,21.585361282440246,6.636443156600835,381.74508235392045,381.79083333333335,398,397,0.0,0.0
512,10,6000,0.03560865547262239,24.92117550784323,7.121731094524478,442.9678069759648,442.9991666666667,455,455,0.0,0.0
512,11,6000,0.033380958308800154,17.442639114472126,6.676191661760031,436.5806451612906,436.4576666666667,450,449,0.0,0.0
512,12,6000,0.026150882020377936,19.171946690621553,5.230176404075587,368.19354838709796,368.22766666666666,385,385,0.0,0.0
512,13,6000,0.035382787534444064,22.800631901070144,7.076557506888813,364.9030917821089,364.7875,382,381,0.0,0.0
512,14,6000,0.04771862321317472,21.562577845243354,9.543724642634945,238.35867516763926,238.37283333333332,257,257,0.0,0.0
512,15,6000,0.03687236375571076,22.97319130762175,7.374472751142153,201.0318669775838,201.19433333333333,219,219,0.0,0.0
512,16,6000,0.042637064707266144,26.21317958949112,8.527412941453228,242.9677446253409,242.88099999999997,262,262,0.0,0.0
512,17,6000,0.04204384587691233,19.31325958891065,8.408769175382465,352.5806455385531,352.59833333333336,370,370,0.0,0.0
512,18,6000,0.03626210471801943,28.8208241500997,7.2524209436038864,205.25378563833755,205.67333333333335,223,223,0.0,0.0
512,19,6000,0.0444477727671924,26.695595536365218,8.889554553438481,366.51612903225805,366.47933333333333,383,383,0.0,0.0
512,20,6000,0.040978610312527364,25.582241170171365,8.195722062505475,224.34563495640208,224.2635,243,242,0.0,0.0
512,21,6000,0.028787733404330704,17.553100858678185,5.757546680866141,397.09677419354836,396.9121666666666,412,412,0.0,0.0
512,22,6000,0.03425777895197958,19.404882747396215,6.851555790395916,432.5806451612908,432.51116666666667,446,446,0.0,0.0
512,23,6000,0.03306401348970336,14.268048364654854,6.612802697940672,438.4682078972392,438.7475,451,451,0.0,0.0
1024,0,5000,0.04683685066247929,17.831988737809095,9.367370132495859,319.8188396787539,319.48199999999997,344,344,0.0,0.0
1024,1,5000,0.044075756882367666,19.475261227775565,8.815151376473533,369.8066460893993,369.8742,395,396,0.0,0.0
1024,2,5000,0.0483455064767641,28.37464518870632,9.669101295352819,652.1290322580642,652.2195999999999,677,678,0.0,0.0
1024,3,5000,0.06135863975096535,29.320160848595894,12.271727950193071,605.8543935210237,604.511,629,629,0.0,0.0
1024,4,5000,0.05433802717756323,25.43467071963462,10.867605435512646,731.7419355412612,731.7675999999999,755,756,0.0,0.0
1024,5,5000,0.050460579678212714,28.38769082522757,10.092115935642544,650.0940090099282,650.1708,675,674,0.0,0.0
1024,6,5000,0.04993038863211399,19.3049886034625,9.9860777264228,409.42534051124204,409.191,435,435,0.0,0.0
1024,7,5000,0.049408917462536825,25.031169102867896,9.881783492507365,489.80645161300913,489.7672,516,516,0.0,0.0
1024,8,5000,0.0498201120209043,26.175708264764154,9.96402240418086,372.7195323651001,372.3864,395,396,0.0,0.0
1024,9,5000,0.0436864869836313,23.40293768426614,8.737297396726259,763.4838878309341,763.3972,786,786,0.0,0.0
1024,10,5000,0.039920510880343124,21.00451522511417,7.984102176068626,885.935483883747,886.1368,904,904,0.0,0.0
1024,11,5000,0.04432817092230452,21.385580475527533,8.865634184460903,873.1612903225805,873.0840000000001,892,892,0.0,0.0
1024,12,5000,0.04404707557263306,21.424769787641676,8.809415114526614,736.3870967741932,736.3496,760,760,0.0,0.0
1024,13,5000,0.0436204501421215,18.30618427519307,8.7240900284243,729.6817561167625,729.7954,753,754,0.0,0.0
1024,14,5000,0.04400075330956369,24.944464722960316,8.800150661912738,476.6466030371737,476.7144,503,503,0.0,0.0
1024,15,5000,0.05283688593076833,25.004979705595247,10.567377186153665,401.93873021448303,402.139,428,428,0.0,0.0
1024,16,5000,0.052605053947521754,27.12014603147975,10.52101078950435,485.9354838709875,486.054,512,512,0.0,0.0
1024,17,5000,0.05214804706651027,22.559645378007875,10.429609413302055,705.1612903225805,705.1574,729,730,0.0,0.0
1024,18,5000,0.05364195371479553,27.23150262791917,10.728390742959105,410.1028030077441,410.3496,436,436,0.0,0.0
1024,19,5000,0.05111664995429368,25.32282173708145,10.223329990858735,733.0322580645156,733.1661999999999,757,757,0.0,0.0
1024,20,5000,0.05387552277915521,29.5172895456399,10.775104555831042,448.64561121526447,448.6412,475,475,0.0,0.0
1024,21,5000,0.042553635253190863,26.545284621853266,8.510727050638172,794.1935483870973,794.0296000000001,816,816,0.0,0.0
1024,22,5000,0.03924545506459914,17.2584591490314,7.8490910129198275,865.161290322581,865.2336,884,884,0.0,0.0
1024,23,5000,0.04350225632723891,18.933306274290523,8.700451265447782,876.9036612176583,876.937,895,896,0.0,0.0
