bs,mean,std,min,p50,p90,p95,p99,max
1,1.914725,0.47665834134629387,1.0,2.0,2.0,3.0,3.0,4.0
2,1.632425,0.3169993996445419,1.0,1.5,2.0,2.0,2.5,3.5
4,1.4442,0.22374396081235357,1.0,1.5,1.75,1.75,2.0,2.75
8,1.3164125,0.15801109088842466,1.0,1.25,1.5,1.625,1.75,2.375
16,1.225346875,0.11164884959207766,1.0,1.1875,1.375,1.4375,1.5625,2.0
32,1.16258515625,0.0788926508972831,1.0,1.15625,1.28125,1.3125,1.40625,1.59375
64,1.1185703125,0.05696661095048215,1.0,1.109375,1.203125,1.21875,1.28125,1.4375
128,1.0897609375,0.041551438877058235,1.0,1.0859375,1.1484375,1.1640625,1.2109375,1.328125
256,1.0708748046875,0.030908887395540662,1.0,1.06640625,1.11328125,1.125,1.15625,1.23828125
